
--SET NAMES 'UTF8';
--SET FOREIGN_KEY_CHECKS = 0;

DROP TABLE IF EXISTS android_metadata;
CREATE TABLE "android_metadata" ("locale" TEXT DEFAULT 'en_US');
INSERT INTO "android_metadata" VALUES ('en_US');


DROP TABLE IF EXISTS T_Dreams;
CREATE TABLE T_Dreams (
	dream_ID int NOT NULL,
	Dream varchar(255),
	PRIMARY KEY (dream_ID)
);

INSERT INTO T_Dreams (dream_ID, Dream) VALUES (1, 'Abattoir');
INSERT INTO T_Dreams (dream_ID, Dream) VALUES (2, 'Abeilles');
INSERT INTO T_Dreams (dream_ID, Dream) VALUES (3, 'Accident');
INSERT INTO T_Dreams (dream_ID, Dream) VALUES (4, 'Accouchement');
INSERT INTO T_Dreams (dream_ID, Dream) VALUES (5, 'Achat');
INSERT INTO T_Dreams (dream_ID, Dream) VALUES (6, 'Adultere');
INSERT INTO T_Dreams (dream_ID, Dream) VALUES (7, 'Aiguille');
INSERT INTO T_Dreams (dream_ID, Dream) VALUES (8, 'Allaite');
INSERT INTO T_Dreams (dream_ID, Dream) VALUES (9, 'Allumettes');
INSERT INTO T_Dreams (dream_ID, Dream) VALUES (10, 'Altagrace');
INSERT INTO T_Dreams (dream_ID, Dream) VALUES (11, 'Ambulance');
INSERT INTO T_Dreams (dream_ID, Dream) VALUES (12, 'Amour');
INSERT INTO T_Dreams (dream_ID, Dream) VALUES (13, 'Ananas');
INSERT INTO T_Dreams (dream_ID, Dream) VALUES (14, 'Argent Monnaie');
INSERT INTO T_Dreams (dream_ID, Dream) VALUES (15, 'Argent papier');
INSERT INTO T_Dreams (dream_ID, Dream) VALUES (16, 'Arreter');
INSERT INTO T_Dreams (dream_ID, Dream) VALUES (17, 'atteler');
INSERT INTO T_Dreams (dream_ID, Dream) VALUES (18, 'Automobile');
INSERT INTO T_Dreams (dream_ID, Dream) VALUES (19, 'Avion');
INSERT INTO T_Dreams (dream_ID, Dream) VALUES (20, 'Bague de mariage');
INSERT INTO T_Dreams (dream_ID, Dream) VALUES (21, 'Bain');
INSERT INTO T_Dreams (dream_ID, Dream) VALUES (22, 'Baiser');
INSERT INTO T_Dreams (dream_ID, Dream) VALUES (23, 'Bal');
INSERT INTO T_Dreams (dream_ID, Dream) VALUES (24, 'Banane');
INSERT INTO T_Dreams (dream_ID, Dream) VALUES (25, 'Banque');
INSERT INTO T_Dreams (dream_ID, Dream) VALUES (26, 'Bapteme');
INSERT INTO T_Dreams (dream_ID, Dream) VALUES (27, 'Bataille');
INSERT INTO T_Dreams (dream_ID, Dream) VALUES (28, 'Bataille');
INSERT INTO T_Dreams (dream_ID, Dream) VALUES (29, 'Bateau');
INSERT INTO T_Dreams (dream_ID, Dream) VALUES (30, 'Bazar');
INSERT INTO T_Dreams (dream_ID, Dream) VALUES (31, 'Bazar');
INSERT INTO T_Dreams (dream_ID, Dream) VALUES (32, 'Berceau');
INSERT INTO T_Dreams (dream_ID, Dream) VALUES (33, 'Biberon');
INSERT INTO T_Dreams (dream_ID, Dream) VALUES (34, 'Bible');
INSERT INTO T_Dreams (dream_ID, Dream) VALUES (35, 'Bicyclette');
INSERT INTO T_Dreams (dream_ID, Dream) VALUES (36, 'Bijoux');
INSERT INTO T_Dreams (dream_ID, Dream) VALUES (37, 'Blessures');
INSERT INTO T_Dreams (dream_ID, Dream) VALUES (38, 'Ble (Son de Ble)');
INSERT INTO T_Dreams (dream_ID, Dream) VALUES (39, 'Boquitte');
INSERT INTO T_Dreams (dream_ID, Dream) VALUES (40, 'Boucles');
INSERT INTO T_Dreams (dream_ID, Dream) VALUES (41, 'Boue');
INSERT INTO T_Dreams (dream_ID, Dream) VALUES (42, 'Boulanger');
INSERT INTO T_Dreams (dream_ID, Dream) VALUES (43, 'Bourrique');
INSERT INTO T_Dreams (dream_ID, Dream) VALUES (44, 'Bourse');
INSERT INTO T_Dreams (dream_ID, Dream) VALUES (45, 'Boite');
INSERT INTO T_Dreams (dream_ID, Dream) VALUES (46, 'Brouette');
INSERT INTO T_Dreams (dream_ID, Dream) VALUES (47, 'Baton');
INSERT INTO T_Dreams (dream_ID, Dream) VALUES (48, 'Boeuf');
INSERT INTO T_Dreams (dream_ID, Dream) VALUES (49, 'Cabrit');
INSERT INTO T_Dreams (dream_ID, Dream) VALUES (50, 'Caca');
INSERT INTO T_Dreams (dream_ID, Dream) VALUES (51, 'Cadeau');
INSERT INTO T_Dreams (dream_ID, Dream) VALUES (52, 'Cadenas');
INSERT INTO T_Dreams (dream_ID, Dream) VALUES (53, 'Café');
INSERT INTO T_Dreams (dream_ID, Dream) VALUES (54, 'Cahier');
INSERT INTO T_Dreams (dream_ID, Dream) VALUES (55, 'Canard');
INSERT INTO T_Dreams (dream_ID, Dream) VALUES (56, 'Carnaval');
INSERT INTO T_Dreams (dream_ID, Dream) VALUES (57, 'Caserne');
INSERT INTO T_Dreams (dream_ID, Dream) VALUES (58, 'Cathedrale');
INSERT INTO T_Dreams (dream_ID, Dream) VALUES (59, 'Caiman');
INSERT INTO T_Dreams (dream_ID, Dream) VALUES (60, 'Cerceil');
INSERT INTO T_Dreams (dream_ID, Dream) VALUES (61, 'Cert-volant');
INSERT INTO T_Dreams (dream_ID, Dream) VALUES (62, 'Chaine');
INSERT INTO T_Dreams (dream_ID, Dream) VALUES (63, 'Chaise');
INSERT INTO T_Dreams (dream_ID, Dream) VALUES (64, 'Chanter');
INSERT INTO T_Dreams (dream_ID, Dream) VALUES (65, 'Chapeau');
INSERT INTO T_Dreams (dream_ID, Dream) VALUES (66, 'Chapelet');
INSERT INTO T_Dreams (dream_ID, Dream) VALUES (67, 'Charbon');
INSERT INTO T_Dreams (dream_ID, Dream) VALUES (68, 'Chasseur');
INSERT INTO T_Dreams (dream_ID, Dream) VALUES (69, 'Chat');
INSERT INTO T_Dreams (dream_ID, Dream) VALUES (70, 'Chef');
INSERT INTO T_Dreams (dream_ID, Dream) VALUES (71, 'Chien');
INSERT INTO T_Dreams (dream_ID, Dream) VALUES (72, 'Ciel');
INSERT INTO T_Dreams (dream_ID, Dream) VALUES (73, 'Cimetire');
INSERT INTO T_Dreams (dream_ID, Dream) VALUES (74, 'Cinema');
INSERT INTO T_Dreams (dream_ID, Dream) VALUES (75, 'Clairin');
INSERT INTO T_Dreams (dream_ID, Dream) VALUES (76, 'Clet');
INSERT INTO T_Dreams (dream_ID, Dream) VALUES (77, 'Cloche');
INSERT INTO T_Dreams (dream_ID, Dream) VALUES (78, 'Clou');
INSERT INTO T_Dreams (dream_ID, Dream) VALUES (79, 'Cochon');
INSERT INTO T_Dreams (dream_ID, Dream) VALUES (80, 'Commerce');
INSERT INTO T_Dreams (dream_ID, Dream) VALUES (81, 'Conduire');
INSERT INTO T_Dreams (dream_ID, Dream) VALUES (82, 'Construction');
INSERT INTO T_Dreams (dream_ID, Dream) VALUES (83, 'Cops');
INSERT INTO T_Dreams (dream_ID, Dream) VALUES (84, 'Coqs Bataille');
INSERT INTO T_Dreams (dream_ID, Dream) VALUES (85, 'Corbillard');
INSERT INTO T_Dreams (dream_ID, Dream) VALUES (86, 'Costume');
INSERT INTO T_Dreams (dream_ID, Dream) VALUES (87, 'Couleuvre');
INSERT INTO T_Dreams (dream_ID, Dream) VALUES (88, 'Coup');
INSERT INTO T_Dreams (dream_ID, Dream) VALUES (89, 'Couteau');
INSERT INTO T_Dreams (dream_ID, Dream) VALUES (90, 'Crabe');
INSERT INTO T_Dreams (dream_ID, Dream) VALUES (91, 'Craie');
INSERT INTO T_Dreams (dream_ID, Dream) VALUES (92, 'Crapeau');
INSERT INTO T_Dreams (dream_ID, Dream) VALUES (93, 'crayon');
INSERT INTO T_Dreams (dream_ID, Dream) VALUES (94, 'Crucifix');
INSERT INTO T_Dreams (dream_ID, Dream) VALUES (95, 'Cuisine');
INSERT INTO T_Dreams (dream_ID, Dream) VALUES (96, 'Cuvette');
INSERT INTO T_Dreams (dream_ID, Dream) VALUES (97, 'Ceremonie');
INSERT INTO T_Dreams (dream_ID, Dream) VALUES (98, 'Danser');
INSERT INTO T_Dreams (dream_ID, Dream) VALUES (99, 'Drapeau');
INSERT INTO T_Dreams (dream_ID, Dream) VALUES (100, 'Eau');
INSERT INTO T_Dreams (dream_ID, Dream) VALUES (101, 'Echelle');
INSERT INTO T_Dreams (dream_ID, Dream) VALUES (102, 'Ecrire');
INSERT INTO T_Dreams (dream_ID, Dream) VALUES (103, 'Egare');
INSERT INTO T_Dreams (dream_ID, Dream) VALUES (104, 'Eglise');
INSERT INTO T_Dreams (dream_ID, Dream) VALUES (105, 'Election');
INSERT INTO T_Dreams (dream_ID, Dream) VALUES (106, 'Enceinte');
INSERT INTO T_Dreams (dream_ID, Dream) VALUES (107, 'Enfant');
INSERT INTO T_Dreams (dream_ID, Dream) VALUES (108, 'Ennemie');
INSERT INTO T_Dreams (dream_ID, Dream) VALUES (109, 'Enterrement');
INSERT INTO T_Dreams (dream_ID, Dream) VALUES (110, 'Epingle');
INSERT INTO T_Dreams (dream_ID, Dream) VALUES (111, 'Epee');
INSERT INTO T_Dreams (dream_ID, Dream) VALUES (112, 'Escalier');
INSERT INTO T_Dreams (dream_ID, Dream) VALUES (113, 'Etoile');
INSERT INTO T_Dreams (dream_ID, Dream) VALUES (114, 'Etudier');
INSERT INTO T_Dreams (dream_ID, Dream) VALUES (115, 'Fatras');
INSERT INTO T_Dreams (dream_ID, Dream) VALUES (116, 'Femme');
INSERT INTO T_Dreams (dream_ID, Dream) VALUES (117, 'Fer a repasser');
INSERT INTO T_Dreams (dream_ID, Dream) VALUES (118, 'Gain a Jeu');
INSERT INTO T_Dreams (dream_ID, Dream) VALUES (119, 'Gendarme');
INSERT INTO T_Dreams (dream_ID, Dream) VALUES (120, 'Glace');
INSERT INTO T_Dreams (dream_ID, Dream) VALUES (121, 'Guerre');
INSERT INTO T_Dreams (dream_ID, Dream) VALUES (122, 'Guitare');
INSERT INTO T_Dreams (dream_ID, Dream) VALUES (123, 'Gateau');
INSERT INTO T_Dreams (dream_ID, Dream) VALUES (124, 'hache');
INSERT INTO T_Dreams (dream_ID, Dream) VALUES (125, 'Haillon');
INSERT INTO T_Dreams (dream_ID, Dream) VALUES (126, 'Herbes');
INSERT INTO T_Dreams (dream_ID, Dream) VALUES (127, 'Homme');
INSERT INTO T_Dreams (dream_ID, Dream) VALUES (128, 'Hougan');
INSERT INTO T_Dreams (dream_ID, Dream) VALUES (129, 'Hopital');
INSERT INTO T_Dreams (dream_ID, Dream) VALUES (130, 'Hotel');
INSERT INTO T_Dreams (dream_ID, Dream) VALUES (131, 'Images');
INSERT INTO T_Dreams (dream_ID, Dream) VALUES (132, 'Immaculee');
INSERT INTO T_Dreams (dream_ID, Dream) VALUES (133, 'Imprimerie');
INSERT INTO T_Dreams (dream_ID, Dream) VALUES (134, 'Incendie');
INSERT INTO T_Dreams (dream_ID, Dream) VALUES (135, 'Injures');
INSERT INTO T_Dreams (dream_ID, Dream) VALUES (136, 'Injustice');
INSERT INTO T_Dreams (dream_ID, Dream) VALUES (137, 'Inondation');
INSERT INTO T_Dreams (dream_ID, Dream) VALUES (138, 'Invansion');
INSERT INTO T_Dreams (dream_ID, Dream) VALUES (139, 'Ivre');
INSERT INTO T_Dreams (dream_ID, Dream) VALUES (140, 'Jalousie');
INSERT INTO T_Dreams (dream_ID, Dream) VALUES (141, 'Jardin');
INSERT INTO T_Dreams (dream_ID, Dream) VALUES (142, 'Jarre');
INSERT INTO T_Dreams (dream_ID, Dream) VALUES (143, 'Jouet');
INSERT INTO T_Dreams (dream_ID, Dream) VALUES (144, 'Journal');
INSERT INTO T_Dreams (dream_ID, Dream) VALUES (145, 'Juge');
INSERT INTO T_Dreams (dream_ID, Dream) VALUES (146, 'Jupon');
INSERT INTO T_Dreams (dream_ID, Dream) VALUES (147, 'Kermesse');
INSERT INTO T_Dreams (dream_ID, Dream) VALUES (148, 'Kodak');
INSERT INTO T_Dreams (dream_ID, Dream) VALUES (149, 'Kola');
INSERT INTO T_Dreams (dream_ID, Dream) VALUES (150, 'Labourer');
INSERT INTO T_Dreams (dream_ID, Dream) VALUES (151, 'Laine');
INSERT INTO T_Dreams (dream_ID, Dream) VALUES (152, 'Lait');
INSERT INTO T_Dreams (dream_ID, Dream) VALUES (153, 'Latrines');
INSERT INTO T_Dreams (dream_ID, Dream) VALUES (154, 'Laver');
INSERT INTO T_Dreams (dream_ID, Dream) VALUES (155, 'Lessive');
INSERT INTO T_Dreams (dream_ID, Dream) VALUES (156, 'Lettre');
INSERT INTO T_Dreams (dream_ID, Dream) VALUES (157, 'Linge');
INSERT INTO T_Dreams (dream_ID, Dream) VALUES (158, 'Lion Lionne');
INSERT INTO T_Dreams (dream_ID, Dream) VALUES (159, 'Lire');
INSERT INTO T_Dreams (dream_ID, Dream) VALUES (160, 'Lit');
INSERT INTO T_Dreams (dream_ID, Dream) VALUES (161, 'Livre');
INSERT INTO T_Dreams (dream_ID, Dream) VALUES (162, 'Lougarou');
INSERT INTO T_Dreams (dream_ID, Dream) VALUES (163, 'Lumiere');
INSERT INTO T_Dreams (dream_ID, Dream) VALUES (164, 'Lune');
INSERT INTO T_Dreams (dream_ID, Dream) VALUES (165, 'Lunette');
INSERT INTO T_Dreams (dream_ID, Dream) VALUES (166, 'Legumes');
INSERT INTO T_Dreams (dream_ID, Dream) VALUES (167, 'Magasin');
INSERT INTO T_Dreams (dream_ID, Dream) VALUES (168, 'Magistral');
INSERT INTO T_Dreams (dream_ID, Dream) VALUES (169, 'Malade');
INSERT INTO T_Dreams (dream_ID, Dream) VALUES (170, 'Manger');
INSERT INTO T_Dreams (dream_ID, Dream) VALUES (171, 'Marchand');
INSERT INTO T_Dreams (dream_ID, Dream) VALUES (172, 'Marche');
INSERT INTO T_Dreams (dream_ID, Dream) VALUES (173, 'Mardi-gras');
INSERT INTO T_Dreams (dream_ID, Dream) VALUES (174, 'Marteau');
INSERT INTO T_Dreams (dream_ID, Dream) VALUES (175, 'Matelas');
INSERT INTO T_Dreams (dream_ID, Dream) VALUES (176, 'Maitresse');
INSERT INTO T_Dreams (dream_ID, Dream) VALUES (177, 'Mais Grain');
INSERT INTO T_Dreams (dream_ID, Dream) VALUES (178, 'Mais Moulu');
INSERT INTO T_Dreams (dream_ID, Dream) VALUES (179, 'Melon');
INSERT INTO T_Dreams (dream_ID, Dream) VALUES (180, 'Mer');
INSERT INTO T_Dreams (dream_ID, Dream) VALUES (181, 'Messe');
INSERT INTO T_Dreams (dream_ID, Dream) VALUES (182, 'Meuble');
INSERT INTO T_Dreams (dream_ID, Dream) VALUES (183, 'Miroir');
INSERT INTO T_Dreams (dream_ID, Dream) VALUES (184, 'Monseigneur');
INSERT INTO T_Dreams (dream_ID, Dream) VALUES (185, 'Montagne');
INSERT INTO T_Dreams (dream_ID, Dream) VALUES (186, 'Montre');
INSERT INTO T_Dreams (dream_ID, Dream) VALUES (187, 'Mort');
INSERT INTO T_Dreams (dream_ID, Dream) VALUES (188, 'Motocyclette');
INSERT INTO T_Dreams (dream_ID, Dream) VALUES (189, 'Mouches');
INSERT INTO T_Dreams (dream_ID, Dream) VALUES (190, 'Mouchoir');
INSERT INTO T_Dreams (dream_ID, Dream) VALUES (191, 'Moustique');
INSERT INTO T_Dreams (dream_ID, Dream) VALUES (192, 'Musicien');
INSERT INTO T_Dreams (dream_ID, Dream) VALUES (193, 'Mecanique');
INSERT INTO T_Dreams (dream_ID, Dream) VALUES (194, 'Oeufs');
INSERT INTO T_Dreams (dream_ID, Dream) VALUES (195, 'Oiseaux');
INSERT INTO T_Dreams (dream_ID, Dream) VALUES (196, 'Orange');
INSERT INTO T_Dreams (dream_ID, Dream) VALUES (197, 'Orages');
INSERT INTO T_Dreams (dream_ID, Dream) VALUES (198, 'Outils');
INSERT INTO T_Dreams (dream_ID, Dream) VALUES (199, 'Paille');
INSERT INTO T_Dreams (dream_ID, Dream) VALUES (200, 'Pain');
INSERT INTO T_Dreams (dream_ID, Dream) VALUES (201, 'Palais');
INSERT INTO T_Dreams (dream_ID, Dream) VALUES (202, 'Panier');
INSERT INTO T_Dreams (dream_ID, Dream) VALUES (203, 'Pantalon');
INSERT INTO T_Dreams (dream_ID, Dream) VALUES (204, 'Papier');
INSERT INTO T_Dreams (dream_ID, Dream) VALUES (205, 'Papillon');
INSERT INTO T_Dreams (dream_ID, Dream) VALUES (206, 'Parapluie');
INSERT INTO T_Dreams (dream_ID, Dream) VALUES (207, 'Parfum');
INSERT INTO T_Dreams (dream_ID, Dream) VALUES (208, 'Passeport');
INSERT INTO T_Dreams (dream_ID, Dream) VALUES (209, 'Patate');
INSERT INTO T_Dreams (dream_ID, Dream) VALUES (210, 'Piano');
INSERT INTO T_Dreams (dream_ID, Dream) VALUES (211, 'Pigeon');
INSERT INTO T_Dreams (dream_ID, Dream) VALUES (212, 'Piment');
INSERT INTO T_Dreams (dream_ID, Dream) VALUES (213, 'Pintade');
INSERT INTO T_Dreams (dream_ID, Dream) VALUES (214, 'Pipe');
INSERT INTO T_Dreams (dream_ID, Dream) VALUES (215, 'Plaine');
INSERT INTO T_Dreams (dream_ID, Dream) VALUES (216, 'Planche');
INSERT INTO T_Dreams (dream_ID, Dream) VALUES (217, 'Planter');
INSERT INTO T_Dreams (dream_ID, Dream) VALUES (218, 'Pluie');
INSERT INTO T_Dreams (dream_ID, Dream) VALUES (219, 'Plume');
INSERT INTO T_Dreams (dream_ID, Dream) VALUES (220, 'Pois');
INSERT INTO T_Dreams (dream_ID, Dream) VALUES (221, 'Poisson');
INSERT INTO T_Dreams (dream_ID, Dream) VALUES (222, 'Police');
INSERT INTO T_Dreams (dream_ID, Dream) VALUES (223, 'Pomme');
INSERT INTO T_Dreams (dream_ID, Dream) VALUES (224, 'Pont');
INSERT INTO T_Dreams (dream_ID, Dream) VALUES (225, 'Poule');
INSERT INTO T_Dreams (dream_ID, Dream) VALUES (226, 'President');
INSERT INTO T_Dreams (dream_ID, Dream) VALUES (227, 'Prete');
INSERT INTO T_Dreams (dream_ID, Dream) VALUES (228, 'Punaise');
INSERT INTO T_Dreams (dream_ID, Dream) VALUES (229, 'Putain');
INSERT INTO T_Dreams (dream_ID, Dream) VALUES (230, 'pate');
INSERT INTO T_Dreams (dream_ID, Dream) VALUES (231, 'Radio');
INSERT INTO T_Dreams (dream_ID, Dream) VALUES (232, 'Raisin');
INSERT INTO T_Dreams (dream_ID, Dream) VALUES (233, 'Rara');
INSERT INTO T_Dreams (dream_ID, Dream) VALUES (234, 'Rat');
INSERT INTO T_Dreams (dream_ID, Dream) VALUES (235, 'Ravet');
INSERT INTO T_Dreams (dream_ID, Dream) VALUES (236, 'Ravine');
INSERT INTO T_Dreams (dream_ID, Dream) VALUES (237, 'Reine');
INSERT INTO T_Dreams (dream_ID, Dream) VALUES (238, 'Requin');
INSERT INTO T_Dreams (dream_ID, Dream) VALUES (239, 'Restaurant');
INSERT INTO T_Dreams (dream_ID, Dream) VALUES (240, 'Revolver');
INSERT INTO T_Dreams (dream_ID, Dream) VALUES (241, 'Richesse');
INSERT INTO T_Dreams (dream_ID, Dream) VALUES (242, 'Rideau');
INSERT INTO T_Dreams (dream_ID, Dream) VALUES (243, 'Rigole');
INSERT INTO T_Dreams (dream_ID, Dream) VALUES (244, 'Rire');
INSERT INTO T_Dreams (dream_ID, Dream) VALUES (245, 'Riviere Claire');
INSERT INTO T_Dreams (dream_ID, Dream) VALUES (246, 'Riviere Sale');
INSERT INTO T_Dreams (dream_ID, Dream) VALUES (247, 'Robe');
INSERT INTO T_Dreams (dream_ID, Dream) VALUES (248, 'Roche');
INSERT INTO T_Dreams (dream_ID, Dream) VALUES (249, 'Rai');
INSERT INTO T_Dreams (dream_ID, Dream) VALUES (250, 'Rose');
INSERT INTO T_Dreams (dream_ID, Dream) VALUES (251, 'Rechaud');
INSERT INTO T_Dreams (dream_ID, Dream) VALUES (252, 'Sable');
INSERT INTO T_Dreams (dream_ID, Dream) VALUES (253, null);
INSERT INTO T_Dreams (dream_ID, Dream) VALUES (254, 'Sac');
INSERT INTO T_Dreams (dream_ID, Dream) VALUES (255, 'Sandale');
INSERT INTO T_Dreams (dream_ID, Dream) VALUES (256, 'Song');
INSERT INTO T_Dreams (dream_ID, Dream) VALUES (257, 'Saucisse');
INSERT INTO T_Dreams (dream_ID, Dream) VALUES (258, 'Savon');
INSERT INTO T_Dreams (dream_ID, Dream) VALUES (259, 'Sel');
INSERT INTO T_Dreams (dream_ID, Dream) VALUES (260, 'Sirop');
INSERT INTO T_Dreams (dream_ID, Dream) VALUES (261, 'Sol');
INSERT INTO T_Dreams (dream_ID, Dream) VALUES (262, 'Soleil');
INSERT INTO T_Dreams (dream_ID, Dream) VALUES (263, 'Souliers');
INSERT INTO T_Dreams (dream_ID, Dream) VALUES (264, 'Soupe');
INSERT INTO T_Dreams (dream_ID, Dream) VALUES (265, 'Souris');
INSERT INTO T_Dreams (dream_ID, Dream) VALUES (266, 'Soutien');
INSERT INTO T_Dreams (dream_ID, Dream) VALUES (267, 'Statue');
INSERT INTO T_Dreams (dream_ID, Dream) VALUES (268, ' Sucre');
INSERT INTO T_Dreams (dream_ID, Dream) VALUES (269, 'Surette');
INSERT INTO T_Dreams (dream_ID, Dream) VALUES (270, 'Tabac');
INSERT INTO T_Dreams (dream_ID, Dream) VALUES (271, 'Tabeau');
INSERT INTO T_Dreams (dream_ID, Dream) VALUES (272, 'Table');
INSERT INTO T_Dreams (dream_ID, Dream) VALUES (273, 'Tambour');
INSERT INTO T_Dreams (dream_ID, Dream) VALUES (274, 'Tapis');
INSERT INTO T_Dreams (dream_ID, Dream) VALUES (275, 'Telle');
INSERT INTO T_Dreams (dream_ID, Dream) VALUES (276, 'Terrain');
INSERT INTO T_Dreams (dream_ID, Dream) VALUES (277, 'Theatre');
INSERT INTO T_Dreams (dream_ID, Dream) VALUES (278, 'Tomate');
INSERT INTO T_Dreams (dream_ID, Dream) VALUES (279, 'Tombe');
INSERT INTO T_Dreams (dream_ID, Dream) VALUES (280, 'Train');
INSERT INTO T_Dreams (dream_ID, Dream) VALUES (281, 'Travail');
INSERT INTO T_Dreams (dream_ID, Dream) VALUES (282, 'Tribunal');
INSERT INTO T_Dreams (dream_ID, Dream) VALUES (283, 'Trompette');
INSERT INTO T_Dreams (dream_ID, Dream) VALUES (284, 'Trou');
INSERT INTO T_Dreams (dream_ID, Dream) VALUES (285, 'Tuyau');
INSERT INTO T_Dreams (dream_ID, Dream) VALUES (286, 'Telephone');
INSERT INTO T_Dreams (dream_ID, Dream) VALUES (287, 'Tole');
INSERT INTO T_Dreams (dream_ID, Dream) VALUES (288, 'Usine');
INSERT INTO T_Dreams (dream_ID, Dream) VALUES (289, 'Vent');
INSERT INTO T_Dreams (dream_ID, Dream) VALUES (290, 'Voleur');
INSERT INTO T_Dreams (dream_ID, Dream) VALUES (291, 'Voyage');


DROP TABLE IF EXISTS T_DreamNumber;
CREATE TABLE T_DreamNumber (
	dream_number_ID int NOT NULL,
	dream_id int,
	dream_number varchar(3),
	PRIMARY KEY (dream_number_ID),
	Foreign key (dream_ID) references T_Dreams(dream_ID)
);

INSERT INTO T_DreamNumber (dream_number_ID, dream_id, dream_number) VALUES (1, 1, '19');
INSERT INTO T_DreamNumber (dream_number_ID, dream_id, dream_number) VALUES (2, 1, '69');
INSERT INTO T_DreamNumber (dream_number_ID, dream_id, dream_number) VALUES (3, 1, '4');
INSERT INTO T_DreamNumber (dream_number_ID, dream_id, dream_number) VALUES (4, 2, '96');
INSERT INTO T_DreamNumber (dream_number_ID, dream_id, dream_number) VALUES (5, 2, '6');
INSERT INTO T_DreamNumber (dream_number_ID, dream_id, dream_number) VALUES (6, 2, '8');
INSERT INTO T_DreamNumber (dream_number_ID, dream_id, dream_number) VALUES (7, 2, '4');
INSERT INTO T_DreamNumber (dream_number_ID, dream_id, dream_number) VALUES (8, 3, '96');
INSERT INTO T_DreamNumber (dream_number_ID, dream_id, dream_number) VALUES (9, 3, '6');
INSERT INTO T_DreamNumber (dream_number_ID, dream_id, dream_number) VALUES (10, 3, '8');
INSERT INTO T_DreamNumber (dream_number_ID, dream_id, dream_number) VALUES (11, 3, '49');
INSERT INTO T_DreamNumber (dream_number_ID, dream_id, dream_number) VALUES (12, 4, '32');
INSERT INTO T_DreamNumber (dream_number_ID, dream_id, dream_number) VALUES (13, 4, '56');
INSERT INTO T_DreamNumber (dream_number_ID, dream_id, dream_number) VALUES (14, 4, '11');
INSERT INTO T_DreamNumber (dream_number_ID, dream_id, dream_number) VALUES (15, 4, '33');
INSERT INTO T_DreamNumber (dream_number_ID, dream_id, dream_number) VALUES (16, 5, '55');
INSERT INTO T_DreamNumber (dream_number_ID, dream_id, dream_number) VALUES (17, 5, '7');
INSERT INTO T_DreamNumber (dream_number_ID, dream_id, dream_number) VALUES (18, 5, '76');
INSERT INTO T_DreamNumber (dream_number_ID, dream_id, dream_number) VALUES (19, 5, '36');
INSERT INTO T_DreamNumber (dream_number_ID, dream_id, dream_number) VALUES (20, 6, '29');
INSERT INTO T_DreamNumber (dream_number_ID, dream_id, dream_number) VALUES (21, 6, '58');
INSERT INTO T_DreamNumber (dream_number_ID, dream_id, dream_number) VALUES (22, 6, '69');
INSERT INTO T_DreamNumber (dream_number_ID, dream_id, dream_number) VALUES (23, 6, '28');
INSERT INTO T_DreamNumber (dream_number_ID, dream_id, dream_number) VALUES (24, 7, '38');
INSERT INTO T_DreamNumber (dream_number_ID, dream_id, dream_number) VALUES (25, 7, '11');
INSERT INTO T_DreamNumber (dream_number_ID, dream_id, dream_number) VALUES (26, 7, '7');
INSERT INTO T_DreamNumber (dream_number_ID, dream_id, dream_number) VALUES (27, 7, '17');
INSERT INTO T_DreamNumber (dream_number_ID, dream_id, dream_number) VALUES (28, 8, '19');
INSERT INTO T_DreamNumber (dream_number_ID, dream_id, dream_number) VALUES (29, 9, '11');
INSERT INTO T_DreamNumber (dream_number_ID, dream_id, dream_number) VALUES (30, 9, '8');
INSERT INTO T_DreamNumber (dream_number_ID, dream_id, dream_number) VALUES (31, 9, '42');
INSERT INTO T_DreamNumber (dream_number_ID, dream_id, dream_number) VALUES (32, 10, '12');
INSERT INTO T_DreamNumber (dream_number_ID, dream_id, dream_number) VALUES (33, 10, '21');
INSERT INTO T_DreamNumber (dream_number_ID, dream_id, dream_number) VALUES (34, 11, '30');
INSERT INTO T_DreamNumber (dream_number_ID, dream_id, dream_number) VALUES (35, 11, '37');
INSERT INTO T_DreamNumber (dream_number_ID, dream_id, dream_number) VALUES (36, 11, '22');
INSERT INTO T_DreamNumber (dream_number_ID, dream_id, dream_number) VALUES (37, 11, '42');
INSERT INTO T_DreamNumber (dream_number_ID, dream_id, dream_number) VALUES (38, 12, '12');
INSERT INTO T_DreamNumber (dream_number_ID, dream_id, dream_number) VALUES (39, 12, '41');
INSERT INTO T_DreamNumber (dream_number_ID, dream_id, dream_number) VALUES (40, 13, '73');
INSERT INTO T_DreamNumber (dream_number_ID, dream_id, dream_number) VALUES (41, 13, '19');
INSERT INTO T_DreamNumber (dream_number_ID, dream_id, dream_number) VALUES (42, 13, '11');
INSERT INTO T_DreamNumber (dream_number_ID, dream_id, dream_number) VALUES (43, 14, '11');
INSERT INTO T_DreamNumber (dream_number_ID, dream_id, dream_number) VALUES (44, 14, '78');
INSERT INTO T_DreamNumber (dream_number_ID, dream_id, dream_number) VALUES (45, 15, '18');
INSERT INTO T_DreamNumber (dream_number_ID, dream_id, dream_number) VALUES (46, 15, '11');
INSERT INTO T_DreamNumber (dream_number_ID, dream_id, dream_number) VALUES (47, 15, '74');
INSERT INTO T_DreamNumber (dream_number_ID, dream_id, dream_number) VALUES (48, 16, '36');
INSERT INTO T_DreamNumber (dream_number_ID, dream_id, dream_number) VALUES (49, 16, '13');
INSERT INTO T_DreamNumber (dream_number_ID, dream_id, dream_number) VALUES (50, 16, '24');
INSERT INTO T_DreamNumber (dream_number_ID, dream_id, dream_number) VALUES (51, 16, '25');
INSERT INTO T_DreamNumber (dream_number_ID, dream_id, dream_number) VALUES (52, 17, '41');
INSERT INTO T_DreamNumber (dream_number_ID, dream_id, dream_number) VALUES (53, 17, '47');
INSERT INTO T_DreamNumber (dream_number_ID, dream_id, dream_number) VALUES (54, 17, '45');
INSERT INTO T_DreamNumber (dream_number_ID, dream_id, dream_number) VALUES (55, 17, '73');
INSERT INTO T_DreamNumber (dream_number_ID, dream_id, dream_number) VALUES (56, 18, '15');
INSERT INTO T_DreamNumber (dream_number_ID, dream_id, dream_number) VALUES (57, 18, '77');
INSERT INTO T_DreamNumber (dream_number_ID, dream_id, dream_number) VALUES (58, 18, '0');
INSERT INTO T_DreamNumber (dream_number_ID, dream_id, dream_number) VALUES (59, 18, '33');
INSERT INTO T_DreamNumber (dream_number_ID, dream_id, dream_number) VALUES (60, 19, '3');
INSERT INTO T_DreamNumber (dream_number_ID, dream_id, dream_number) VALUES (61, 19, '29');
INSERT INTO T_DreamNumber (dream_number_ID, dream_id, dream_number) VALUES (62, 19, '74');
INSERT INTO T_DreamNumber (dream_number_ID, dream_id, dream_number) VALUES (63, 19, '85');
INSERT INTO T_DreamNumber (dream_number_ID, dream_id, dream_number) VALUES (64, 19, '4');
INSERT INTO T_DreamNumber (dream_number_ID, dream_id, dream_number) VALUES (65, 20, '29');
INSERT INTO T_DreamNumber (dream_number_ID, dream_id, dream_number) VALUES (66, 20, '59');
INSERT INTO T_DreamNumber (dream_number_ID, dream_id, dream_number) VALUES (67, 21, '32');
INSERT INTO T_DreamNumber (dream_number_ID, dream_id, dream_number) VALUES (68, 21, '25');
INSERT INTO T_DreamNumber (dream_number_ID, dream_id, dream_number) VALUES (69, 21, '59');
INSERT INTO T_DreamNumber (dream_number_ID, dream_id, dream_number) VALUES (70, 22, '23');
INSERT INTO T_DreamNumber (dream_number_ID, dream_id, dream_number) VALUES (71, 22, '14');
INSERT INTO T_DreamNumber (dream_number_ID, dream_id, dream_number) VALUES (72, 22, '22');
INSERT INTO T_DreamNumber (dream_number_ID, dream_id, dream_number) VALUES (73, 22, '5');
INSERT INTO T_DreamNumber (dream_number_ID, dream_id, dream_number) VALUES (74, 23, '14');
INSERT INTO T_DreamNumber (dream_number_ID, dream_id, dream_number) VALUES (75, 23, '82');
INSERT INTO T_DreamNumber (dream_number_ID, dream_id, dream_number) VALUES (76, 23, '46');
INSERT INTO T_DreamNumber (dream_number_ID, dream_id, dream_number) VALUES (77, 23, '26');
INSERT INTO T_DreamNumber (dream_number_ID, dream_id, dream_number) VALUES (78, 24, '87');
INSERT INTO T_DreamNumber (dream_number_ID, dream_id, dream_number) VALUES (79, 24, '8');
INSERT INTO T_DreamNumber (dream_number_ID, dream_id, dream_number) VALUES (80, 25, '61');
INSERT INTO T_DreamNumber (dream_number_ID, dream_id, dream_number) VALUES (81, 25, '15');
INSERT INTO T_DreamNumber (dream_number_ID, dream_id, dream_number) VALUES (82, 25, '84');
INSERT INTO T_DreamNumber (dream_number_ID, dream_id, dream_number) VALUES (83, 25, '14');
INSERT INTO T_DreamNumber (dream_number_ID, dream_id, dream_number) VALUES (84, 26, '86');
INSERT INTO T_DreamNumber (dream_number_ID, dream_id, dream_number) VALUES (85, 26, '69');
INSERT INTO T_DreamNumber (dream_number_ID, dream_id, dream_number) VALUES (86, 26, '58');
INSERT INTO T_DreamNumber (dream_number_ID, dream_id, dream_number) VALUES (87, 27, '78');
INSERT INTO T_DreamNumber (dream_number_ID, dream_id, dream_number) VALUES (88, 27, '11');
INSERT INTO T_DreamNumber (dream_number_ID, dream_id, dream_number) VALUES (89, 27, '19');
INSERT INTO T_DreamNumber (dream_number_ID, dream_id, dream_number) VALUES (90, 27, '32');
INSERT INTO T_DreamNumber (dream_number_ID, dream_id, dream_number) VALUES (91, 28, '78');
INSERT INTO T_DreamNumber (dream_number_ID, dream_id, dream_number) VALUES (92, 28, '11');
INSERT INTO T_DreamNumber (dream_number_ID, dream_id, dream_number) VALUES (93, 28, '19');
INSERT INTO T_DreamNumber (dream_number_ID, dream_id, dream_number) VALUES (94, 28, '32');
INSERT INTO T_DreamNumber (dream_number_ID, dream_id, dream_number) VALUES (95, 29, '18');
INSERT INTO T_DreamNumber (dream_number_ID, dream_id, dream_number) VALUES (96, 29, '68');
INSERT INTO T_DreamNumber (dream_number_ID, dream_id, dream_number) VALUES (97, 30, '39');
INSERT INTO T_DreamNumber (dream_number_ID, dream_id, dream_number) VALUES (98, 30, '62');
INSERT INTO T_DreamNumber (dream_number_ID, dream_id, dream_number) VALUES (99, 31, '39');
INSERT INTO T_DreamNumber (dream_number_ID, dream_id, dream_number) VALUES (100, 31, '62');
INSERT INTO T_DreamNumber (dream_number_ID, dream_id, dream_number) VALUES (101, 32, '1');
INSERT INTO T_DreamNumber (dream_number_ID, dream_id, dream_number) VALUES (102, 32, '36');
INSERT INTO T_DreamNumber (dream_number_ID, dream_id, dream_number) VALUES (103, 32, '62');
INSERT INTO T_DreamNumber (dream_number_ID, dream_id, dream_number) VALUES (104, 32, '72');
INSERT INTO T_DreamNumber (dream_number_ID, dream_id, dream_number) VALUES (105, 33, '82');
INSERT INTO T_DreamNumber (dream_number_ID, dream_id, dream_number) VALUES (106, 33, '94');
INSERT INTO T_DreamNumber (dream_number_ID, dream_id, dream_number) VALUES (107, 34, '32');
INSERT INTO T_DreamNumber (dream_number_ID, dream_id, dream_number) VALUES (108, 34, '20');
INSERT INTO T_DreamNumber (dream_number_ID, dream_id, dream_number) VALUES (109, 35, '52');
INSERT INTO T_DreamNumber (dream_number_ID, dream_id, dream_number) VALUES (110, 35, '41');
INSERT INTO T_DreamNumber (dream_number_ID, dream_id, dream_number) VALUES (111, 35, '78');
INSERT INTO T_DreamNumber (dream_number_ID, dream_id, dream_number) VALUES (112, 36, '53');
INSERT INTO T_DreamNumber (dream_number_ID, dream_id, dream_number) VALUES (113, 36, '41');
INSERT INTO T_DreamNumber (dream_number_ID, dream_id, dream_number) VALUES (114, 36, '52');
INSERT INTO T_DreamNumber (dream_number_ID, dream_id, dream_number) VALUES (115, 37, '9');
INSERT INTO T_DreamNumber (dream_number_ID, dream_id, dream_number) VALUES (116, 37, '3');
INSERT INTO T_DreamNumber (dream_number_ID, dream_id, dream_number) VALUES (117, 37, '42');
INSERT INTO T_DreamNumber (dream_number_ID, dream_id, dream_number) VALUES (118, 37, '62');
INSERT INTO T_DreamNumber (dream_number_ID, dream_id, dream_number) VALUES (119, 38, '1');
INSERT INTO T_DreamNumber (dream_number_ID, dream_id, dream_number) VALUES (120, 38, '79');
INSERT INTO T_DreamNumber (dream_number_ID, dream_id, dream_number) VALUES (121, 38, '9');
INSERT INTO T_DreamNumber (dream_number_ID, dream_id, dream_number) VALUES (122, 38, '83');
INSERT INTO T_DreamNumber (dream_number_ID, dream_id, dream_number) VALUES (123, 39, '49');
INSERT INTO T_DreamNumber (dream_number_ID, dream_id, dream_number) VALUES (124, 40, '65');
INSERT INTO T_DreamNumber (dream_number_ID, dream_id, dream_number) VALUES (125, 40, '4');
INSERT INTO T_DreamNumber (dream_number_ID, dream_id, dream_number) VALUES (126, 40, '9');
INSERT INTO T_DreamNumber (dream_number_ID, dream_id, dream_number) VALUES (127, 41, '6');
INSERT INTO T_DreamNumber (dream_number_ID, dream_id, dream_number) VALUES (128, 41, '60');
INSERT INTO T_DreamNumber (dream_number_ID, dream_id, dream_number) VALUES (129, 41, '62');
INSERT INTO T_DreamNumber (dream_number_ID, dream_id, dream_number) VALUES (130, 41, '82');
INSERT INTO T_DreamNumber (dream_number_ID, dream_id, dream_number) VALUES (131, 42, '3');
INSERT INTO T_DreamNumber (dream_number_ID, dream_id, dream_number) VALUES (132, 42, '21');
INSERT INTO T_DreamNumber (dream_number_ID, dream_id, dream_number) VALUES (133, 42, '32');
INSERT INTO T_DreamNumber (dream_number_ID, dream_id, dream_number) VALUES (134, 42, '60');
INSERT INTO T_DreamNumber (dream_number_ID, dream_id, dream_number) VALUES (135, 43, '53');
INSERT INTO T_DreamNumber (dream_number_ID, dream_id, dream_number) VALUES (136, 43, '35');
INSERT INTO T_DreamNumber (dream_number_ID, dream_id, dream_number) VALUES (137, 43, '91');
INSERT INTO T_DreamNumber (dream_number_ID, dream_id, dream_number) VALUES (138, 43, '14');
INSERT INTO T_DreamNumber (dream_number_ID, dream_id, dream_number) VALUES (139, 44, '2');
INSERT INTO T_DreamNumber (dream_number_ID, dream_id, dream_number) VALUES (140, 44, '60');
INSERT INTO T_DreamNumber (dream_number_ID, dream_id, dream_number) VALUES (141, 44, '10');
INSERT INTO T_DreamNumber (dream_number_ID, dream_id, dream_number) VALUES (142, 44, '69');
INSERT INTO T_DreamNumber (dream_number_ID, dream_id, dream_number) VALUES (143, 45, '81');
INSERT INTO T_DreamNumber (dream_number_ID, dream_id, dream_number) VALUES (144, 45, '93');
INSERT INTO T_DreamNumber (dream_number_ID, dream_id, dream_number) VALUES (145, 46, '41');
INSERT INTO T_DreamNumber (dream_number_ID, dream_id, dream_number) VALUES (146, 47, '89');
INSERT INTO T_DreamNumber (dream_number_ID, dream_id, dream_number) VALUES (147, 47, '40');
INSERT INTO T_DreamNumber (dream_number_ID, dream_id, dream_number) VALUES (148, 47, '41');
INSERT INTO T_DreamNumber (dream_number_ID, dream_id, dream_number) VALUES (149, 47, '88');
INSERT INTO T_DreamNumber (dream_number_ID, dream_id, dream_number) VALUES (150, 48, '16');
INSERT INTO T_DreamNumber (dream_number_ID, dream_id, dream_number) VALUES (151, 48, '76');
INSERT INTO T_DreamNumber (dream_number_ID, dream_id, dream_number) VALUES (152, 48, '96');
INSERT INTO T_DreamNumber (dream_number_ID, dream_id, dream_number) VALUES (153, 49, '28');
INSERT INTO T_DreamNumber (dream_number_ID, dream_id, dream_number) VALUES (154, 49, '82');
INSERT INTO T_DreamNumber (dream_number_ID, dream_id, dream_number) VALUES (155, 50, '7');
INSERT INTO T_DreamNumber (dream_number_ID, dream_id, dream_number) VALUES (156, 51, '41');
INSERT INTO T_DreamNumber (dream_number_ID, dream_id, dream_number) VALUES (157, 51, '11');
INSERT INTO T_DreamNumber (dream_number_ID, dream_id, dream_number) VALUES (158, 51, '38');
INSERT INTO T_DreamNumber (dream_number_ID, dream_id, dream_number) VALUES (159, 51, '5');
INSERT INTO T_DreamNumber (dream_number_ID, dream_id, dream_number) VALUES (160, 52, '97');
INSERT INTO T_DreamNumber (dream_number_ID, dream_id, dream_number) VALUES (161, 52, '61');
INSERT INTO T_DreamNumber (dream_number_ID, dream_id, dream_number) VALUES (162, 52, '22');
INSERT INTO T_DreamNumber (dream_number_ID, dream_id, dream_number) VALUES (163, 52, '5');
INSERT INTO T_DreamNumber (dream_number_ID, dream_id, dream_number) VALUES (164, 53, '68');
INSERT INTO T_DreamNumber (dream_number_ID, dream_id, dream_number) VALUES (165, 53, '27');
INSERT INTO T_DreamNumber (dream_number_ID, dream_id, dream_number) VALUES (166, 53, '6');
INSERT INTO T_DreamNumber (dream_number_ID, dream_id, dream_number) VALUES (167, 54, '32');
INSERT INTO T_DreamNumber (dream_number_ID, dream_id, dream_number) VALUES (168, 55, '41');
INSERT INTO T_DreamNumber (dream_number_ID, dream_id, dream_number) VALUES (169, 55, '42');
INSERT INTO T_DreamNumber (dream_number_ID, dream_id, dream_number) VALUES (170, 55, '22');
INSERT INTO T_DreamNumber (dream_number_ID, dream_id, dream_number) VALUES (171, 56, '66');
INSERT INTO T_DreamNumber (dream_number_ID, dream_id, dream_number) VALUES (172, 56, '67');
INSERT INTO T_DreamNumber (dream_number_ID, dream_id, dream_number) VALUES (173, 57, '0');
INSERT INTO T_DreamNumber (dream_number_ID, dream_id, dream_number) VALUES (174, 57, '56');
INSERT INTO T_DreamNumber (dream_number_ID, dream_id, dream_number) VALUES (175, 57, '31');
INSERT INTO T_DreamNumber (dream_number_ID, dream_id, dream_number) VALUES (176, 58, '64');
INSERT INTO T_DreamNumber (dream_number_ID, dream_id, dream_number) VALUES (177, 58, '16');
INSERT INTO T_DreamNumber (dream_number_ID, dream_id, dream_number) VALUES (178, 58, '8');
INSERT INTO T_DreamNumber (dream_number_ID, dream_id, dream_number) VALUES (179, 58, '21');
INSERT INTO T_DreamNumber (dream_number_ID, dream_id, dream_number) VALUES (180, 59, '29');
INSERT INTO T_DreamNumber (dream_number_ID, dream_id, dream_number) VALUES (181, 59, '90');
INSERT INTO T_DreamNumber (dream_number_ID, dream_id, dream_number) VALUES (182, 59, '60');
INSERT INTO T_DreamNumber (dream_number_ID, dream_id, dream_number) VALUES (183, 60, '22');
INSERT INTO T_DreamNumber (dream_number_ID, dream_id, dream_number) VALUES (184, 60, '31');
INSERT INTO T_DreamNumber (dream_number_ID, dream_id, dream_number) VALUES (185, 61, '32');
INSERT INTO T_DreamNumber (dream_number_ID, dream_id, dream_number) VALUES (186, 61, '3');
INSERT INTO T_DreamNumber (dream_number_ID, dream_id, dream_number) VALUES (187, 61, '21');
INSERT INTO T_DreamNumber (dream_number_ID, dream_id, dream_number) VALUES (188, 61, '4');
INSERT INTO T_DreamNumber (dream_number_ID, dream_id, dream_number) VALUES (189, 62, '42');
INSERT INTO T_DreamNumber (dream_number_ID, dream_id, dream_number) VALUES (190, 62, '73');
INSERT INTO T_DreamNumber (dream_number_ID, dream_id, dream_number) VALUES (191, 63, '22');
INSERT INTO T_DreamNumber (dream_number_ID, dream_id, dream_number) VALUES (192, 63, '16');
INSERT INTO T_DreamNumber (dream_number_ID, dream_id, dream_number) VALUES (193, 63, '73');
INSERT INTO T_DreamNumber (dream_number_ID, dream_id, dream_number) VALUES (194, 64, '32');
INSERT INTO T_DreamNumber (dream_number_ID, dream_id, dream_number) VALUES (195, 64, '85');
INSERT INTO T_DreamNumber (dream_number_ID, dream_id, dream_number) VALUES (196, 65, '20');
INSERT INTO T_DreamNumber (dream_number_ID, dream_id, dream_number) VALUES (197, 65, '28');
INSERT INTO T_DreamNumber (dream_number_ID, dream_id, dream_number) VALUES (198, 65, '71');
INSERT INTO T_DreamNumber (dream_number_ID, dream_id, dream_number) VALUES (199, 65, '11');
INSERT INTO T_DreamNumber (dream_number_ID, dream_id, dream_number) VALUES (200, 66, '04');
INSERT INTO T_DreamNumber (dream_number_ID, dream_id, dream_number) VALUES (201, 66, '32');
INSERT INTO T_DreamNumber (dream_number_ID, dream_id, dream_number) VALUES (202, 67, '85');
INSERT INTO T_DreamNumber (dream_number_ID, dream_id, dream_number) VALUES (203, 67, '59');
INSERT INTO T_DreamNumber (dream_number_ID, dream_id, dream_number) VALUES (204, 67, '07');
INSERT INTO T_DreamNumber (dream_number_ID, dream_id, dream_number) VALUES (205, 67, '30');
INSERT INTO T_DreamNumber (dream_number_ID, dream_id, dream_number) VALUES (206, 68, '09');
INSERT INTO T_DreamNumber (dream_number_ID, dream_id, dream_number) VALUES (207, 68, '59');
INSERT INTO T_DreamNumber (dream_number_ID, dream_id, dream_number) VALUES (208, 68, '97');
INSERT INTO T_DreamNumber (dream_number_ID, dream_id, dream_number) VALUES (209, 69, '74');
INSERT INTO T_DreamNumber (dream_number_ID, dream_id, dream_number) VALUES (210, 69, '04');
INSERT INTO T_DreamNumber (dream_number_ID, dream_id, dream_number) VALUES (211, 69, '18');
INSERT INTO T_DreamNumber (dream_number_ID, dream_id, dream_number) VALUES (212, 69, '84');
INSERT INTO T_DreamNumber (dream_number_ID, dream_id, dream_number) VALUES (213, 70, '22');
INSERT INTO T_DreamNumber (dream_number_ID, dream_id, dream_number) VALUES (214, 71, '15');
INSERT INTO T_DreamNumber (dream_number_ID, dream_id, dream_number) VALUES (215, 71, '75');
INSERT INTO T_DreamNumber (dream_number_ID, dream_id, dream_number) VALUES (216, 71, '95');
INSERT INTO T_DreamNumber (dream_number_ID, dream_id, dream_number) VALUES (217, 72, '66');
INSERT INTO T_DreamNumber (dream_number_ID, dream_id, dream_number) VALUES (218, 72, '69');
INSERT INTO T_DreamNumber (dream_number_ID, dream_id, dream_number) VALUES (219, 73, '03');
INSERT INTO T_DreamNumber (dream_number_ID, dream_id, dream_number) VALUES (220, 73, '13');
INSERT INTO T_DreamNumber (dream_number_ID, dream_id, dream_number) VALUES (221, 74, '75');
INSERT INTO T_DreamNumber (dream_number_ID, dream_id, dream_number) VALUES (222, 75, '49');
INSERT INTO T_DreamNumber (dream_number_ID, dream_id, dream_number) VALUES (223, 75, '14');
INSERT INTO T_DreamNumber (dream_number_ID, dream_id, dream_number) VALUES (224, 75, '40');
INSERT INTO T_DreamNumber (dream_number_ID, dream_id, dream_number) VALUES (225, 75, '36');
INSERT INTO T_DreamNumber (dream_number_ID, dream_id, dream_number) VALUES (226, 76, '05');
INSERT INTO T_DreamNumber (dream_number_ID, dream_id, dream_number) VALUES (227, 76, '64');
INSERT INTO T_DreamNumber (dream_number_ID, dream_id, dream_number) VALUES (228, 76, '41');
INSERT INTO T_DreamNumber (dream_number_ID, dream_id, dream_number) VALUES (229, 77, '03');
INSERT INTO T_DreamNumber (dream_number_ID, dream_id, dream_number) VALUES (230, 77, '27');
INSERT INTO T_DreamNumber (dream_number_ID, dream_id, dream_number) VALUES (231, 77, '48');
INSERT INTO T_DreamNumber (dream_number_ID, dream_id, dream_number) VALUES (232, 77, '25');
INSERT INTO T_DreamNumber (dream_number_ID, dream_id, dream_number) VALUES (233, 78, '67');
INSERT INTO T_DreamNumber (dream_number_ID, dream_id, dream_number) VALUES (234, 78, '07');
INSERT INTO T_DreamNumber (dream_number_ID, dream_id, dream_number) VALUES (235, 78, '22');
INSERT INTO T_DreamNumber (dream_number_ID, dream_id, dream_number) VALUES (236, 79, '58');
INSERT INTO T_DreamNumber (dream_number_ID, dream_id, dream_number) VALUES (237, 79, '32');
INSERT INTO T_DreamNumber (dream_number_ID, dream_id, dream_number) VALUES (238, 79, '22');
INSERT INTO T_DreamNumber (dream_number_ID, dream_id, dream_number) VALUES (239, 80, '74');
INSERT INTO T_DreamNumber (dream_number_ID, dream_id, dream_number) VALUES (240, 80, '77');
INSERT INTO T_DreamNumber (dream_number_ID, dream_id, dream_number) VALUES (241, 81, '03');
INSERT INTO T_DreamNumber (dream_number_ID, dream_id, dream_number) VALUES (242, 81, '21');
INSERT INTO T_DreamNumber (dream_number_ID, dream_id, dream_number) VALUES (243, 81, '62');
INSERT INTO T_DreamNumber (dream_number_ID, dream_id, dream_number) VALUES (244, 82, '32');
INSERT INTO T_DreamNumber (dream_number_ID, dream_id, dream_number) VALUES (245, 82, '19');
INSERT INTO T_DreamNumber (dream_number_ID, dream_id, dream_number) VALUES (246, 83, '11');
INSERT INTO T_DreamNumber (dream_number_ID, dream_id, dream_number) VALUES (247, 83, '71');
INSERT INTO T_DreamNumber (dream_number_ID, dream_id, dream_number) VALUES (248, 83, '01');
INSERT INTO T_DreamNumber (dream_number_ID, dream_id, dream_number) VALUES (249, 83, '32');
INSERT INTO T_DreamNumber (dream_number_ID, dream_id, dream_number) VALUES (250, 84, '15');
INSERT INTO T_DreamNumber (dream_number_ID, dream_id, dream_number) VALUES (251, 84, '64');
INSERT INTO T_DreamNumber (dream_number_ID, dream_id, dream_number) VALUES (252, 85, '04');
INSERT INTO T_DreamNumber (dream_number_ID, dream_id, dream_number) VALUES (253, 85, '22');
INSERT INTO T_DreamNumber (dream_number_ID, dream_id, dream_number) VALUES (254, 85, '61');
INSERT INTO T_DreamNumber (dream_number_ID, dream_id, dream_number) VALUES (255, 86, '44');
INSERT INTO T_DreamNumber (dream_number_ID, dream_id, dream_number) VALUES (256, 86, '23');
INSERT INTO T_DreamNumber (dream_number_ID, dream_id, dream_number) VALUES (257, 86, '84');
INSERT INTO T_DreamNumber (dream_number_ID, dream_id, dream_number) VALUES (258, 87, '39');
INSERT INTO T_DreamNumber (dream_number_ID, dream_id, dream_number) VALUES (259, 87, '21');
INSERT INTO T_DreamNumber (dream_number_ID, dream_id, dream_number) VALUES (260, 87, '72');
INSERT INTO T_DreamNumber (dream_number_ID, dream_id, dream_number) VALUES (261, 88, '08');
INSERT INTO T_DreamNumber (dream_number_ID, dream_id, dream_number) VALUES (262, 88, '60');
INSERT INTO T_DreamNumber (dream_number_ID, dream_id, dream_number) VALUES (263, 89, '58');
INSERT INTO T_DreamNumber (dream_number_ID, dream_id, dream_number) VALUES (264, 89, '54');
INSERT INTO T_DreamNumber (dream_number_ID, dream_id, dream_number) VALUES (265, 89, '37');
INSERT INTO T_DreamNumber (dream_number_ID, dream_id, dream_number) VALUES (266, 89, '09');
INSERT INTO T_DreamNumber (dream_number_ID, dream_id, dream_number) VALUES (267, 90, '55');
INSERT INTO T_DreamNumber (dream_number_ID, dream_id, dream_number) VALUES (268, 90, '30');
INSERT INTO T_DreamNumber (dream_number_ID, dream_id, dream_number) VALUES (269, 91, '28');
INSERT INTO T_DreamNumber (dream_number_ID, dream_id, dream_number) VALUES (270, 91, '19');
INSERT INTO T_DreamNumber (dream_number_ID, dream_id, dream_number) VALUES (271, 91, '46');
INSERT INTO T_DreamNumber (dream_number_ID, dream_id, dream_number) VALUES (272, 91, '62');
INSERT INTO T_DreamNumber (dream_number_ID, dream_id, dream_number) VALUES (273, 92, '28');
INSERT INTO T_DreamNumber (dream_number_ID, dream_id, dream_number) VALUES (274, 92, '73');
INSERT INTO T_DreamNumber (dream_number_ID, dream_id, dream_number) VALUES (275, 93, '01');
INSERT INTO T_DreamNumber (dream_number_ID, dream_id, dream_number) VALUES (276, 93, '11');
INSERT INTO T_DreamNumber (dream_number_ID, dream_id, dream_number) VALUES (277, 94, '10');
INSERT INTO T_DreamNumber (dream_number_ID, dream_id, dream_number) VALUES (278, 94, '40');
INSERT INTO T_DreamNumber (dream_number_ID, dream_id, dream_number) VALUES (279, 94, '33');
INSERT INTO T_DreamNumber (dream_number_ID, dream_id, dream_number) VALUES (280, 95, '24');
INSERT INTO T_DreamNumber (dream_number_ID, dream_id, dream_number) VALUES (281, 96, '30');
INSERT INTO T_DreamNumber (dream_number_ID, dream_id, dream_number) VALUES (282, 96, '14');
INSERT INTO T_DreamNumber (dream_number_ID, dream_id, dream_number) VALUES (283, 96, '6');
INSERT INTO T_DreamNumber (dream_number_ID, dream_id, dream_number) VALUES (284, 97, '02');
INSERT INTO T_DreamNumber (dream_number_ID, dream_id, dream_number) VALUES (285, 97, '07');
INSERT INTO T_DreamNumber (dream_number_ID, dream_id, dream_number) VALUES (286, 98, '79');
INSERT INTO T_DreamNumber (dream_number_ID, dream_id, dream_number) VALUES (287, 98, '08');
INSERT INTO T_DreamNumber (dream_number_ID, dream_id, dream_number) VALUES (288, 98, '86');
INSERT INTO T_DreamNumber (dream_number_ID, dream_id, dream_number) VALUES (289, 98, '39');
INSERT INTO T_DreamNumber (dream_number_ID, dream_id, dream_number) VALUES (290, 99, '77');
INSERT INTO T_DreamNumber (dream_number_ID, dream_id, dream_number) VALUES (291, 99, '73');
INSERT INTO T_DreamNumber (dream_number_ID, dream_id, dream_number) VALUES (292, 99, '14');
INSERT INTO T_DreamNumber (dream_number_ID, dream_id, dream_number) VALUES (293, 99, '24');
INSERT INTO T_DreamNumber (dream_number_ID, dream_id, dream_number) VALUES (294, 100, '89');
INSERT INTO T_DreamNumber (dream_number_ID, dream_id, dream_number) VALUES (295, 100, '22');
INSERT INTO T_DreamNumber (dream_number_ID, dream_id, dream_number) VALUES (296, 100, '05');
INSERT INTO T_DreamNumber (dream_number_ID, dream_id, dream_number) VALUES (297, 100, '51');
INSERT INTO T_DreamNumber (dream_number_ID, dream_id, dream_number) VALUES (298, 101, '65');
INSERT INTO T_DreamNumber (dream_number_ID, dream_id, dream_number) VALUES (299, 101, '03');
INSERT INTO T_DreamNumber (dream_number_ID, dream_id, dream_number) VALUES (300, 101, '25');
INSERT INTO T_DreamNumber (dream_number_ID, dream_id, dream_number) VALUES (301, 101, '62');
INSERT INTO T_DreamNumber (dream_number_ID, dream_id, dream_number) VALUES (302, 102, '07');
INSERT INTO T_DreamNumber (dream_number_ID, dream_id, dream_number) VALUES (303, 102, '21');
INSERT INTO T_DreamNumber (dream_number_ID, dream_id, dream_number) VALUES (304, 102, '32');
INSERT INTO T_DreamNumber (dream_number_ID, dream_id, dream_number) VALUES (305, 103, '51');
INSERT INTO T_DreamNumber (dream_number_ID, dream_id, dream_number) VALUES (306, 103, '54');
INSERT INTO T_DreamNumber (dream_number_ID, dream_id, dream_number) VALUES (307, 103, '74');
INSERT INTO T_DreamNumber (dream_number_ID, dream_id, dream_number) VALUES (308, 104, '05');
INSERT INTO T_DreamNumber (dream_number_ID, dream_id, dream_number) VALUES (309, 104, '75');
INSERT INTO T_DreamNumber (dream_number_ID, dream_id, dream_number) VALUES (310, 104, '18');
INSERT INTO T_DreamNumber (dream_number_ID, dream_id, dream_number) VALUES (311, 105, '68');
INSERT INTO T_DreamNumber (dream_number_ID, dream_id, dream_number) VALUES (312, 106, '29');
INSERT INTO T_DreamNumber (dream_number_ID, dream_id, dream_number) VALUES (313, 107, '04');
INSERT INTO T_DreamNumber (dream_number_ID, dream_id, dream_number) VALUES (314, 107, '13');
INSERT INTO T_DreamNumber (dream_number_ID, dream_id, dream_number) VALUES (315, 107, '25');
INSERT INTO T_DreamNumber (dream_number_ID, dream_id, dream_number) VALUES (316, 108, '60');
INSERT INTO T_DreamNumber (dream_number_ID, dream_id, dream_number) VALUES (317, 108, '04');
INSERT INTO T_DreamNumber (dream_number_ID, dream_id, dream_number) VALUES (318, 108, '73');
INSERT INTO T_DreamNumber (dream_number_ID, dream_id, dream_number) VALUES (319, 108, '32');
INSERT INTO T_DreamNumber (dream_number_ID, dream_id, dream_number) VALUES (320, 109, '09');
INSERT INTO T_DreamNumber (dream_number_ID, dream_id, dream_number) VALUES (321, 109, '91');
INSERT INTO T_DreamNumber (dream_number_ID, dream_id, dream_number) VALUES (322, 109, '10');
INSERT INTO T_DreamNumber (dream_number_ID, dream_id, dream_number) VALUES (323, 109, '66');
INSERT INTO T_DreamNumber (dream_number_ID, dream_id, dream_number) VALUES (324, 110, '73');
INSERT INTO T_DreamNumber (dream_number_ID, dream_id, dream_number) VALUES (325, 110, '06');
INSERT INTO T_DreamNumber (dream_number_ID, dream_id, dream_number) VALUES (326, 111, '62');
INSERT INTO T_DreamNumber (dream_number_ID, dream_id, dream_number) VALUES (327, 111, '14');
INSERT INTO T_DreamNumber (dream_number_ID, dream_id, dream_number) VALUES (328, 111, '96');
INSERT INTO T_DreamNumber (dream_number_ID, dream_id, dream_number) VALUES (329, 112, '06');
INSERT INTO T_DreamNumber (dream_number_ID, dream_id, dream_number) VALUES (330, 112, '36');
INSERT INTO T_DreamNumber (dream_number_ID, dream_id, dream_number) VALUES (331, 113, '82');
INSERT INTO T_DreamNumber (dream_number_ID, dream_id, dream_number) VALUES (332, 113, '12');
INSERT INTO T_DreamNumber (dream_number_ID, dream_id, dream_number) VALUES (333, 113, '22');
INSERT INTO T_DreamNumber (dream_number_ID, dream_id, dream_number) VALUES (334, 113, '04');
INSERT INTO T_DreamNumber (dream_number_ID, dream_id, dream_number) VALUES (335, 114, '57');
INSERT INTO T_DreamNumber (dream_number_ID, dream_id, dream_number) VALUES (336, 114, '73');
INSERT INTO T_DreamNumber (dream_number_ID, dream_id, dream_number) VALUES (337, 115, '85');
INSERT INTO T_DreamNumber (dream_number_ID, dream_id, dream_number) VALUES (338, 115, '86');
INSERT INTO T_DreamNumber (dream_number_ID, dream_id, dream_number) VALUES (339, 116, '12');
INSERT INTO T_DreamNumber (dream_number_ID, dream_id, dream_number) VALUES (340, 116, '05');
INSERT INTO T_DreamNumber (dream_number_ID, dream_id, dream_number) VALUES (341, 116, '50');
INSERT INTO T_DreamNumber (dream_number_ID, dream_id, dream_number) VALUES (342, 116, '42');
INSERT INTO T_DreamNumber (dream_number_ID, dream_id, dream_number) VALUES (343, 117, '44');
INSERT INTO T_DreamNumber (dream_number_ID, dream_id, dream_number) VALUES (344, 117, '16');
INSERT INTO T_DreamNumber (dream_number_ID, dream_id, dream_number) VALUES (345, 118, '82');
INSERT INTO T_DreamNumber (dream_number_ID, dream_id, dream_number) VALUES (346, 118, '54');
INSERT INTO T_DreamNumber (dream_number_ID, dream_id, dream_number) VALUES (347, 118, '26');
INSERT INTO T_DreamNumber (dream_number_ID, dream_id, dream_number) VALUES (348, 119, '25');
INSERT INTO T_DreamNumber (dream_number_ID, dream_id, dream_number) VALUES (349, 119, '50');
INSERT INTO T_DreamNumber (dream_number_ID, dream_id, dream_number) VALUES (350, 119, '03');
INSERT INTO T_DreamNumber (dream_number_ID, dream_id, dream_number) VALUES (351, 119, '49');
INSERT INTO T_DreamNumber (dream_number_ID, dream_id, dream_number) VALUES (352, 120, '32');
INSERT INTO T_DreamNumber (dream_number_ID, dream_id, dream_number) VALUES (353, 120, '92');
INSERT INTO T_DreamNumber (dream_number_ID, dream_id, dream_number) VALUES (354, 120, '22');
INSERT INTO T_DreamNumber (dream_number_ID, dream_id, dream_number) VALUES (355, 121, '95');
INSERT INTO T_DreamNumber (dream_number_ID, dream_id, dream_number) VALUES (356, 121, '36');
INSERT INTO T_DreamNumber (dream_number_ID, dream_id, dream_number) VALUES (357, 122, '83');
INSERT INTO T_DreamNumber (dream_number_ID, dream_id, dream_number) VALUES (358, 122, '31');
INSERT INTO T_DreamNumber (dream_number_ID, dream_id, dream_number) VALUES (359, 122, '75');
INSERT INTO T_DreamNumber (dream_number_ID, dream_id, dream_number) VALUES (360, 122, '89');
INSERT INTO T_DreamNumber (dream_number_ID, dream_id, dream_number) VALUES (361, 123, '52');
INSERT INTO T_DreamNumber (dream_number_ID, dream_id, dream_number) VALUES (362, 123, '48');
INSERT INTO T_DreamNumber (dream_number_ID, dream_id, dream_number) VALUES (363, 123, '50');
INSERT INTO T_DreamNumber (dream_number_ID, dream_id, dream_number) VALUES (364, 124, '36');
INSERT INTO T_DreamNumber (dream_number_ID, dream_id, dream_number) VALUES (365, 124, '10');
INSERT INTO T_DreamNumber (dream_number_ID, dream_id, dream_number) VALUES (366, 124, '32');
INSERT INTO T_DreamNumber (dream_number_ID, dream_id, dream_number) VALUES (367, 125, '57');
INSERT INTO T_DreamNumber (dream_number_ID, dream_id, dream_number) VALUES (368, 125, '53');
INSERT INTO T_DreamNumber (dream_number_ID, dream_id, dream_number) VALUES (369, 126, '89');
INSERT INTO T_DreamNumber (dream_number_ID, dream_id, dream_number) VALUES (370, 126, '12');
INSERT INTO T_DreamNumber (dream_number_ID, dream_id, dream_number) VALUES (371, 126, '43');
INSERT INTO T_DreamNumber (dream_number_ID, dream_id, dream_number) VALUES (372, 127, '19');
INSERT INTO T_DreamNumber (dream_number_ID, dream_id, dream_number) VALUES (373, 127, '02');
INSERT INTO T_DreamNumber (dream_number_ID, dream_id, dream_number) VALUES (374, 127, '611');
INSERT INTO T_DreamNumber (dream_number_ID, dream_id, dream_number) VALUES (375, 127, '91');
INSERT INTO T_DreamNumber (dream_number_ID, dream_id, dream_number) VALUES (376, 128, '37');
INSERT INTO T_DreamNumber (dream_number_ID, dream_id, dream_number) VALUES (377, 129, '60');
INSERT INTO T_DreamNumber (dream_number_ID, dream_id, dream_number) VALUES (378, 129, '42');
INSERT INTO T_DreamNumber (dream_number_ID, dream_id, dream_number) VALUES (379, 129, '32');
INSERT INTO T_DreamNumber (dream_number_ID, dream_id, dream_number) VALUES (380, 130, '42');
INSERT INTO T_DreamNumber (dream_number_ID, dream_id, dream_number) VALUES (381, 130, '32');
INSERT INTO T_DreamNumber (dream_number_ID, dream_id, dream_number) VALUES (382, 130, '44');
INSERT INTO T_DreamNumber (dream_number_ID, dream_id, dream_number) VALUES (383, 130, '69');
INSERT INTO T_DreamNumber (dream_number_ID, dream_id, dream_number) VALUES (384, 131, '66');
INSERT INTO T_DreamNumber (dream_number_ID, dream_id, dream_number) VALUES (385, 131, '79');
INSERT INTO T_DreamNumber (dream_number_ID, dream_id, dream_number) VALUES (386, 131, '57');
INSERT INTO T_DreamNumber (dream_number_ID, dream_id, dream_number) VALUES (387, 132, '50');
INSERT INTO T_DreamNumber (dream_number_ID, dream_id, dream_number) VALUES (388, 132, '12');
INSERT INTO T_DreamNumber (dream_number_ID, dream_id, dream_number) VALUES (389, 132, '08');
INSERT INTO T_DreamNumber (dream_number_ID, dream_id, dream_number) VALUES (390, 133, '41');
INSERT INTO T_DreamNumber (dream_number_ID, dream_id, dream_number) VALUES (391, 133, '73');
INSERT INTO T_DreamNumber (dream_number_ID, dream_id, dream_number) VALUES (392, 133, '30');
INSERT INTO T_DreamNumber (dream_number_ID, dream_id, dream_number) VALUES (393, 134, '04');
INSERT INTO T_DreamNumber (dream_number_ID, dream_id, dream_number) VALUES (394, 134, '27');
INSERT INTO T_DreamNumber (dream_number_ID, dream_id, dream_number) VALUES (395, 134, '61');
INSERT INTO T_DreamNumber (dream_number_ID, dream_id, dream_number) VALUES (396, 134, '83');
INSERT INTO T_DreamNumber (dream_number_ID, dream_id, dream_number) VALUES (397, 135, '19');
INSERT INTO T_DreamNumber (dream_number_ID, dream_id, dream_number) VALUES (398, 135, '41');
INSERT INTO T_DreamNumber (dream_number_ID, dream_id, dream_number) VALUES (399, 135, '05');
INSERT INTO T_DreamNumber (dream_number_ID, dream_id, dream_number) VALUES (400, 135, '47');
INSERT INTO T_DreamNumber (dream_number_ID, dream_id, dream_number) VALUES (401, 136, '82');
INSERT INTO T_DreamNumber (dream_number_ID, dream_id, dream_number) VALUES (402, 136, '61');
INSERT INTO T_DreamNumber (dream_number_ID, dream_id, dream_number) VALUES (403, 137, '32');
INSERT INTO T_DreamNumber (dream_number_ID, dream_id, dream_number) VALUES (404, 137, '85');
INSERT INTO T_DreamNumber (dream_number_ID, dream_id, dream_number) VALUES (405, 138, '01');
INSERT INTO T_DreamNumber (dream_number_ID, dream_id, dream_number) VALUES (406, 138, '51');
INSERT INTO T_DreamNumber (dream_number_ID, dream_id, dream_number) VALUES (407, 138, '20');
INSERT INTO T_DreamNumber (dream_number_ID, dream_id, dream_number) VALUES (408, 139, '10');
INSERT INTO T_DreamNumber (dream_number_ID, dream_id, dream_number) VALUES (409, 139, '32');
INSERT INTO T_DreamNumber (dream_number_ID, dream_id, dream_number) VALUES (410, 139, '51');
INSERT INTO T_DreamNumber (dream_number_ID, dream_id, dream_number) VALUES (411, 140, '05');
INSERT INTO T_DreamNumber (dream_number_ID, dream_id, dream_number) VALUES (412, 140, '22');
INSERT INTO T_DreamNumber (dream_number_ID, dream_id, dream_number) VALUES (413, 140, '80');
INSERT INTO T_DreamNumber (dream_number_ID, dream_id, dream_number) VALUES (414, 141, '41');
INSERT INTO T_DreamNumber (dream_number_ID, dream_id, dream_number) VALUES (415, 141, '01');
INSERT INTO T_DreamNumber (dream_number_ID, dream_id, dream_number) VALUES (416, 141, '32');
INSERT INTO T_DreamNumber (dream_number_ID, dream_id, dream_number) VALUES (417, 142, '31');
INSERT INTO T_DreamNumber (dream_number_ID, dream_id, dream_number) VALUES (418, 142, '86');
INSERT INTO T_DreamNumber (dream_number_ID, dream_id, dream_number) VALUES (419, 143, '14');
INSERT INTO T_DreamNumber (dream_number_ID, dream_id, dream_number) VALUES (420, 143, '52');
INSERT INTO T_DreamNumber (dream_number_ID, dream_id, dream_number) VALUES (421, 143, '21');
INSERT INTO T_DreamNumber (dream_number_ID, dream_id, dream_number) VALUES (422, 143, '62');
INSERT INTO T_DreamNumber (dream_number_ID, dream_id, dream_number) VALUES (423, 144, '96');
INSERT INTO T_DreamNumber (dream_number_ID, dream_id, dream_number) VALUES (424, 144, '21');
INSERT INTO T_DreamNumber (dream_number_ID, dream_id, dream_number) VALUES (425, 144, '62');
INSERT INTO T_DreamNumber (dream_number_ID, dream_id, dream_number) VALUES (426, 145, '42');
INSERT INTO T_DreamNumber (dream_number_ID, dream_id, dream_number) VALUES (427, 145, '89');
INSERT INTO T_DreamNumber (dream_number_ID, dream_id, dream_number) VALUES (428, 145, '51');
INSERT INTO T_DreamNumber (dream_number_ID, dream_id, dream_number) VALUES (429, 146, '80');
INSERT INTO T_DreamNumber (dream_number_ID, dream_id, dream_number) VALUES (430, 146, '95');
INSERT INTO T_DreamNumber (dream_number_ID, dream_id, dream_number) VALUES (431, 147, '30');
INSERT INTO T_DreamNumber (dream_number_ID, dream_id, dream_number) VALUES (432, 148, '86');
INSERT INTO T_DreamNumber (dream_number_ID, dream_id, dream_number) VALUES (433, 148, '04');
INSERT INTO T_DreamNumber (dream_number_ID, dream_id, dream_number) VALUES (434, 149, '16');
INSERT INTO T_DreamNumber (dream_number_ID, dream_id, dream_number) VALUES (435, 149, '85');
INSERT INTO T_DreamNumber (dream_number_ID, dream_id, dream_number) VALUES (436, 150, '01');
INSERT INTO T_DreamNumber (dream_number_ID, dream_id, dream_number) VALUES (437, 150, '29');
INSERT INTO T_DreamNumber (dream_number_ID, dream_id, dream_number) VALUES (438, 150, '41');
INSERT INTO T_DreamNumber (dream_number_ID, dream_id, dream_number) VALUES (439, 150, '91');
INSERT INTO T_DreamNumber (dream_number_ID, dream_id, dream_number) VALUES (440, 151, '04');
INSERT INTO T_DreamNumber (dream_number_ID, dream_id, dream_number) VALUES (441, 151, '45');
INSERT INTO T_DreamNumber (dream_number_ID, dream_id, dream_number) VALUES (442, 151, '73');
INSERT INTO T_DreamNumber (dream_number_ID, dream_id, dream_number) VALUES (443, 152, '75');
INSERT INTO T_DreamNumber (dream_number_ID, dream_id, dream_number) VALUES (444, 152, '72');
INSERT INTO T_DreamNumber (dream_number_ID, dream_id, dream_number) VALUES (445, 152, '13');
INSERT INTO T_DreamNumber (dream_number_ID, dream_id, dream_number) VALUES (446, 153, '05');
INSERT INTO T_DreamNumber (dream_number_ID, dream_id, dream_number) VALUES (447, 153, '81');
INSERT INTO T_DreamNumber (dream_number_ID, dream_id, dream_number) VALUES (448, 154, '30');
INSERT INTO T_DreamNumber (dream_number_ID, dream_id, dream_number) VALUES (449, 154, '66');
INSERT INTO T_DreamNumber (dream_number_ID, dream_id, dream_number) VALUES (450, 154, '12');
INSERT INTO T_DreamNumber (dream_number_ID, dream_id, dream_number) VALUES (451, 155, '03');
INSERT INTO T_DreamNumber (dream_number_ID, dream_id, dream_number) VALUES (452, 155, '30');
INSERT INTO T_DreamNumber (dream_number_ID, dream_id, dream_number) VALUES (453, 156, '66');
INSERT INTO T_DreamNumber (dream_number_ID, dream_id, dream_number) VALUES (454, 156, '12');
INSERT INTO T_DreamNumber (dream_number_ID, dream_id, dream_number) VALUES (455, 157, '27');
INSERT INTO T_DreamNumber (dream_number_ID, dream_id, dream_number) VALUES (456, 157, '43');
INSERT INTO T_DreamNumber (dream_number_ID, dream_id, dream_number) VALUES (457, 157, '65');
INSERT INTO T_DreamNumber (dream_number_ID, dream_id, dream_number) VALUES (458, 157, '75');
INSERT INTO T_DreamNumber (dream_number_ID, dream_id, dream_number) VALUES (459, 158, '04');
INSERT INTO T_DreamNumber (dream_number_ID, dream_id, dream_number) VALUES (460, 158, '42');
INSERT INTO T_DreamNumber (dream_number_ID, dream_id, dream_number) VALUES (461, 159, '07');
INSERT INTO T_DreamNumber (dream_number_ID, dream_id, dream_number) VALUES (462, 159, '06');
INSERT INTO T_DreamNumber (dream_number_ID, dream_id, dream_number) VALUES (463, 159, '42');
INSERT INTO T_DreamNumber (dream_number_ID, dream_id, dream_number) VALUES (464, 160, '57');
INSERT INTO T_DreamNumber (dream_number_ID, dream_id, dream_number) VALUES (465, 160, '59');
INSERT INTO T_DreamNumber (dream_number_ID, dream_id, dream_number) VALUES (466, 160, '46');
INSERT INTO T_DreamNumber (dream_number_ID, dream_id, dream_number) VALUES (467, 161, '43');
INSERT INTO T_DreamNumber (dream_number_ID, dream_id, dream_number) VALUES (468, 162, '37');
INSERT INTO T_DreamNumber (dream_number_ID, dream_id, dream_number) VALUES (469, 162, '47');
INSERT INTO T_DreamNumber (dream_number_ID, dream_id, dream_number) VALUES (470, 163, '28');
INSERT INTO T_DreamNumber (dream_number_ID, dream_id, dream_number) VALUES (471, 163, '80');
INSERT INTO T_DreamNumber (dream_number_ID, dream_id, dream_number) VALUES (472, 163, '42');
INSERT INTO T_DreamNumber (dream_number_ID, dream_id, dream_number) VALUES (473, 164, '15');
INSERT INTO T_DreamNumber (dream_number_ID, dream_id, dream_number) VALUES (474, 164, '41');
INSERT INTO T_DreamNumber (dream_number_ID, dream_id, dream_number) VALUES (475, 164, '17');
INSERT INTO T_DreamNumber (dream_number_ID, dream_id, dream_number) VALUES (476, 164, '06');
INSERT INTO T_DreamNumber (dream_number_ID, dream_id, dream_number) VALUES (477, 165, '88');
INSERT INTO T_DreamNumber (dream_number_ID, dream_id, dream_number) VALUES (478, 165, '85');
INSERT INTO T_DreamNumber (dream_number_ID, dream_id, dream_number) VALUES (479, 165, '52');
INSERT INTO T_DreamNumber (dream_number_ID, dream_id, dream_number) VALUES (480, 166, '47');
INSERT INTO T_DreamNumber (dream_number_ID, dream_id, dream_number) VALUES (481, 166, '29');
INSERT INTO T_DreamNumber (dream_number_ID, dream_id, dream_number) VALUES (482, 167, '37');
INSERT INTO T_DreamNumber (dream_number_ID, dream_id, dream_number) VALUES (483, 167, '22');
INSERT INTO T_DreamNumber (dream_number_ID, dream_id, dream_number) VALUES (484, 168, '00');
INSERT INTO T_DreamNumber (dream_number_ID, dream_id, dream_number) VALUES (485, 168, '50');
INSERT INTO T_DreamNumber (dream_number_ID, dream_id, dream_number) VALUES (486, 168, '21');
INSERT INTO T_DreamNumber (dream_number_ID, dream_id, dream_number) VALUES (487, 169, '66');
INSERT INTO T_DreamNumber (dream_number_ID, dream_id, dream_number) VALUES (488, 169, '67');
INSERT INTO T_DreamNumber (dream_number_ID, dream_id, dream_number) VALUES (489, 169, '58');
INSERT INTO T_DreamNumber (dream_number_ID, dream_id, dream_number) VALUES (490, 169, '75');
INSERT INTO T_DreamNumber (dream_number_ID, dream_id, dream_number) VALUES (491, 170, '57');
INSERT INTO T_DreamNumber (dream_number_ID, dream_id, dream_number) VALUES (492, 170, '40');
INSERT INTO T_DreamNumber (dream_number_ID, dream_id, dream_number) VALUES (493, 171, '07');
INSERT INTO T_DreamNumber (dream_number_ID, dream_id, dream_number) VALUES (494, 172, '27');
INSERT INTO T_DreamNumber (dream_number_ID, dream_id, dream_number) VALUES (495, 172, '25');
INSERT INTO T_DreamNumber (dream_number_ID, dream_id, dream_number) VALUES (496, 173, '37');
INSERT INTO T_DreamNumber (dream_number_ID, dream_id, dream_number) VALUES (497, 173, '11');
INSERT INTO T_DreamNumber (dream_number_ID, dream_id, dream_number) VALUES (498, 173, '77');
INSERT INTO T_DreamNumber (dream_number_ID, dream_id, dream_number) VALUES (499, 174, '51');
INSERT INTO T_DreamNumber (dream_number_ID, dream_id, dream_number) VALUES (500, 174, '62');
INSERT INTO T_DreamNumber (dream_number_ID, dream_id, dream_number) VALUES (501, 175, '04');
INSERT INTO T_DreamNumber (dream_number_ID, dream_id, dream_number) VALUES (502, 175, '03');
INSERT INTO T_DreamNumber (dream_number_ID, dream_id, dream_number) VALUES (503, 176, '3');
INSERT INTO T_DreamNumber (dream_number_ID, dream_id, dream_number) VALUES (504, 176, '22');
INSERT INTO T_DreamNumber (dream_number_ID, dream_id, dream_number) VALUES (505, 176, '00');
INSERT INTO T_DreamNumber (dream_number_ID, dream_id, dream_number) VALUES (506, 177, '20');
INSERT INTO T_DreamNumber (dream_number_ID, dream_id, dream_number) VALUES (507, 177, '18');
INSERT INTO T_DreamNumber (dream_number_ID, dream_id, dream_number) VALUES (508, 177, '97');
INSERT INTO T_DreamNumber (dream_number_ID, dream_id, dream_number) VALUES (509, 178, '27');
INSERT INTO T_DreamNumber (dream_number_ID, dream_id, dream_number) VALUES (510, 179, '11');
INSERT INTO T_DreamNumber (dream_number_ID, dream_id, dream_number) VALUES (511, 179, '82');
INSERT INTO T_DreamNumber (dream_number_ID, dream_id, dream_number) VALUES (512, 179, '29');
INSERT INTO T_DreamNumber (dream_number_ID, dream_id, dream_number) VALUES (513, 179, '62');
INSERT INTO T_DreamNumber (dream_number_ID, dream_id, dream_number) VALUES (514, 180, '07');
INSERT INTO T_DreamNumber (dream_number_ID, dream_id, dream_number) VALUES (515, 180, '18');
INSERT INTO T_DreamNumber (dream_number_ID, dream_id, dream_number) VALUES (516, 181, '92');
INSERT INTO T_DreamNumber (dream_number_ID, dream_id, dream_number) VALUES (517, 181, '93');
INSERT INTO T_DreamNumber (dream_number_ID, dream_id, dream_number) VALUES (518, 181, '05');
INSERT INTO T_DreamNumber (dream_number_ID, dream_id, dream_number) VALUES (519, 182, '20');
INSERT INTO T_DreamNumber (dream_number_ID, dream_id, dream_number) VALUES (520, 183, '29');
INSERT INTO T_DreamNumber (dream_number_ID, dream_id, dream_number) VALUES (521, 183, '84');
INSERT INTO T_DreamNumber (dream_number_ID, dream_id, dream_number) VALUES (522, 183, '22');
INSERT INTO T_DreamNumber (dream_number_ID, dream_id, dream_number) VALUES (523, 184, '78');
INSERT INTO T_DreamNumber (dream_number_ID, dream_id, dream_number) VALUES (524, 184, '79');
INSERT INTO T_DreamNumber (dream_number_ID, dream_id, dream_number) VALUES (525, 185, '12');
INSERT INTO T_DreamNumber (dream_number_ID, dream_id, dream_number) VALUES (526, 185, '50');
INSERT INTO T_DreamNumber (dream_number_ID, dream_id, dream_number) VALUES (527, 186, '25');
INSERT INTO T_DreamNumber (dream_number_ID, dream_id, dream_number) VALUES (528, 186, '90');
INSERT INTO T_DreamNumber (dream_number_ID, dream_id, dream_number) VALUES (529, 186, '21');
INSERT INTO T_DreamNumber (dream_number_ID, dream_id, dream_number) VALUES (530, 187, '08');
INSERT INTO T_DreamNumber (dream_number_ID, dream_id, dream_number) VALUES (531, 187, '33');
INSERT INTO T_DreamNumber (dream_number_ID, dream_id, dream_number) VALUES (532, 187, '74');
INSERT INTO T_DreamNumber (dream_number_ID, dream_id, dream_number) VALUES (533, 188, '54');
INSERT INTO T_DreamNumber (dream_number_ID, dream_id, dream_number) VALUES (534, 188, '53');
INSERT INTO T_DreamNumber (dream_number_ID, dream_id, dream_number) VALUES (535, 188, '21');
INSERT INTO T_DreamNumber (dream_number_ID, dream_id, dream_number) VALUES (536, 189, '45');
INSERT INTO T_DreamNumber (dream_number_ID, dream_id, dream_number) VALUES (537, 189, '25');
INSERT INTO T_DreamNumber (dream_number_ID, dream_id, dream_number) VALUES (538, 189, '09');
INSERT INTO T_DreamNumber (dream_number_ID, dream_id, dream_number) VALUES (539, 190, '84');
INSERT INTO T_DreamNumber (dream_number_ID, dream_id, dream_number) VALUES (540, 191, '35');
INSERT INTO T_DreamNumber (dream_number_ID, dream_id, dream_number) VALUES (541, 191, '96');
INSERT INTO T_DreamNumber (dream_number_ID, dream_id, dream_number) VALUES (542, 192, '39');
INSERT INTO T_DreamNumber (dream_number_ID, dream_id, dream_number) VALUES (543, 193, '21');
INSERT INTO T_DreamNumber (dream_number_ID, dream_id, dream_number) VALUES (544, 193, '63');
INSERT INTO T_DreamNumber (dream_number_ID, dream_id, dream_number) VALUES (545, 194, '13');
INSERT INTO T_DreamNumber (dream_number_ID, dream_id, dream_number) VALUES (546, 194, '16');
INSERT INTO T_DreamNumber (dream_number_ID, dream_id, dream_number) VALUES (547, 194, '75');
INSERT INTO T_DreamNumber (dream_number_ID, dream_id, dream_number) VALUES (548, 194, '87');
INSERT INTO T_DreamNumber (dream_number_ID, dream_id, dream_number) VALUES (549, 195, '47');
INSERT INTO T_DreamNumber (dream_number_ID, dream_id, dream_number) VALUES (550, 195, '60');
INSERT INTO T_DreamNumber (dream_number_ID, dream_id, dream_number) VALUES (551, 195, '27');
INSERT INTO T_DreamNumber (dream_number_ID, dream_id, dream_number) VALUES (552, 195, '02');
INSERT INTO T_DreamNumber (dream_number_ID, dream_id, dream_number) VALUES (553, 196, '44');
INSERT INTO T_DreamNumber (dream_number_ID, dream_id, dream_number) VALUES (554, 196, '02');
INSERT INTO T_DreamNumber (dream_number_ID, dream_id, dream_number) VALUES (555, 196, '40');
INSERT INTO T_DreamNumber (dream_number_ID, dream_id, dream_number) VALUES (556, 196, '13');
INSERT INTO T_DreamNumber (dream_number_ID, dream_id, dream_number) VALUES (557, 197, '44');
INSERT INTO T_DreamNumber (dream_number_ID, dream_id, dream_number) VALUES (558, 197, '99');
INSERT INTO T_DreamNumber (dream_number_ID, dream_id, dream_number) VALUES (559, 197, '22');
INSERT INTO T_DreamNumber (dream_number_ID, dream_id, dream_number) VALUES (560, 197, '47');
INSERT INTO T_DreamNumber (dream_number_ID, dream_id, dream_number) VALUES (561, 198, '29');
INSERT INTO T_DreamNumber (dream_number_ID, dream_id, dream_number) VALUES (562, 199, '27');
INSERT INTO T_DreamNumber (dream_number_ID, dream_id, dream_number) VALUES (563, 199, '48');
INSERT INTO T_DreamNumber (dream_number_ID, dream_id, dream_number) VALUES (564, 199, '41');
INSERT INTO T_DreamNumber (dream_number_ID, dream_id, dream_number) VALUES (565, 199, '04');
INSERT INTO T_DreamNumber (dream_number_ID, dream_id, dream_number) VALUES (566, 200, '60');
INSERT INTO T_DreamNumber (dream_number_ID, dream_id, dream_number) VALUES (567, 200, '33');
INSERT INTO T_DreamNumber (dream_number_ID, dream_id, dream_number) VALUES (568, 200, '58');
INSERT INTO T_DreamNumber (dream_number_ID, dream_id, dream_number) VALUES (569, 200, '50');
INSERT INTO T_DreamNumber (dream_number_ID, dream_id, dream_number) VALUES (570, 201, '53');
INSERT INTO T_DreamNumber (dream_number_ID, dream_id, dream_number) VALUES (571, 201, '09');
INSERT INTO T_DreamNumber (dream_number_ID, dream_id, dream_number) VALUES (572, 202, '19');
INSERT INTO T_DreamNumber (dream_number_ID, dream_id, dream_number) VALUES (573, 202, '69');
INSERT INTO T_DreamNumber (dream_number_ID, dream_id, dream_number) VALUES (574, 202, '89');
INSERT INTO T_DreamNumber (dream_number_ID, dream_id, dream_number) VALUES (575, 203, '88');
INSERT INTO T_DreamNumber (dream_number_ID, dream_id, dream_number) VALUES (576, 203, '20');
INSERT INTO T_DreamNumber (dream_number_ID, dream_id, dream_number) VALUES (577, 203, '77');
INSERT INTO T_DreamNumber (dream_number_ID, dream_id, dream_number) VALUES (578, 203, '88');
INSERT INTO T_DreamNumber (dream_number_ID, dream_id, dream_number) VALUES (579, 204, '79');
INSERT INTO T_DreamNumber (dream_number_ID, dream_id, dream_number) VALUES (580, 204, '07');
INSERT INTO T_DreamNumber (dream_number_ID, dream_id, dream_number) VALUES (581, 205, '02');
INSERT INTO T_DreamNumber (dream_number_ID, dream_id, dream_number) VALUES (582, 205, '94');
INSERT INTO T_DreamNumber (dream_number_ID, dream_id, dream_number) VALUES (583, 205, '12');
INSERT INTO T_DreamNumber (dream_number_ID, dream_id, dream_number) VALUES (584, 205, '35');
INSERT INTO T_DreamNumber (dream_number_ID, dream_id, dream_number) VALUES (585, 206, '80');
INSERT INTO T_DreamNumber (dream_number_ID, dream_id, dream_number) VALUES (586, 206, '57');
INSERT INTO T_DreamNumber (dream_number_ID, dream_id, dream_number) VALUES (587, 206, '21');
INSERT INTO T_DreamNumber (dream_number_ID, dream_id, dream_number) VALUES (588, 207, '91');
INSERT INTO T_DreamNumber (dream_number_ID, dream_id, dream_number) VALUES (589, 207, '23');
INSERT INTO T_DreamNumber (dream_number_ID, dream_id, dream_number) VALUES (590, 208, '79');
INSERT INTO T_DreamNumber (dream_number_ID, dream_id, dream_number) VALUES (591, 208, '15');
INSERT INTO T_DreamNumber (dream_number_ID, dream_id, dream_number) VALUES (592, 209, '03');
INSERT INTO T_DreamNumber (dream_number_ID, dream_id, dream_number) VALUES (593, 209, '30');
INSERT INTO T_DreamNumber (dream_number_ID, dream_id, dream_number) VALUES (594, 210, '98');
INSERT INTO T_DreamNumber (dream_number_ID, dream_id, dream_number) VALUES (595, 210, '99');
INSERT INTO T_DreamNumber (dream_number_ID, dream_id, dream_number) VALUES (596, 210, '29');
INSERT INTO T_DreamNumber (dream_number_ID, dream_id, dream_number) VALUES (597, 211, '24');
INSERT INTO T_DreamNumber (dream_number_ID, dream_id, dream_number) VALUES (598, 211, '15');
INSERT INTO T_DreamNumber (dream_number_ID, dream_id, dream_number) VALUES (599, 212, '71');
INSERT INTO T_DreamNumber (dream_number_ID, dream_id, dream_number) VALUES (600, 213, '33');
INSERT INTO T_DreamNumber (dream_number_ID, dream_id, dream_number) VALUES (601, 213, '13');
INSERT INTO T_DreamNumber (dream_number_ID, dream_id, dream_number) VALUES (602, 213, '73');
INSERT INTO T_DreamNumber (dream_number_ID, dream_id, dream_number) VALUES (603, 214, '56');
INSERT INTO T_DreamNumber (dream_number_ID, dream_id, dream_number) VALUES (604, 214, '12');
INSERT INTO T_DreamNumber (dream_number_ID, dream_id, dream_number) VALUES (605, 214, '17');
INSERT INTO T_DreamNumber (dream_number_ID, dream_id, dream_number) VALUES (606, 215, '72');
INSERT INTO T_DreamNumber (dream_number_ID, dream_id, dream_number) VALUES (607, 215, '21');
INSERT INTO T_DreamNumber (dream_number_ID, dream_id, dream_number) VALUES (608, 215, '26');
INSERT INTO T_DreamNumber (dream_number_ID, dream_id, dream_number) VALUES (609, 215, '43');
INSERT INTO T_DreamNumber (dream_number_ID, dream_id, dream_number) VALUES (610, 216, '81');
INSERT INTO T_DreamNumber (dream_number_ID, dream_id, dream_number) VALUES (611, 216, '88');
INSERT INTO T_DreamNumber (dream_number_ID, dream_id, dream_number) VALUES (612, 217, '97');
INSERT INTO T_DreamNumber (dream_number_ID, dream_id, dream_number) VALUES (613, 218, '11');
INSERT INTO T_DreamNumber (dream_number_ID, dream_id, dream_number) VALUES (614, 218, '22');
INSERT INTO T_DreamNumber (dream_number_ID, dream_id, dream_number) VALUES (615, 218, '99');
INSERT INTO T_DreamNumber (dream_number_ID, dream_id, dream_number) VALUES (616, 218, '21');
INSERT INTO T_DreamNumber (dream_number_ID, dream_id, dream_number) VALUES (617, 219, '07');
INSERT INTO T_DreamNumber (dream_number_ID, dream_id, dream_number) VALUES (618, 219, '22');
INSERT INTO T_DreamNumber (dream_number_ID, dream_id, dream_number) VALUES (619, 219, '33');
INSERT INTO T_DreamNumber (dream_number_ID, dream_id, dream_number) VALUES (620, 219, '13');
INSERT INTO T_DreamNumber (dream_number_ID, dream_id, dream_number) VALUES (621, 220, '87');
INSERT INTO T_DreamNumber (dream_number_ID, dream_id, dream_number) VALUES (622, 220, '19');
INSERT INTO T_DreamNumber (dream_number_ID, dream_id, dream_number) VALUES (623, 220, '09');
INSERT INTO T_DreamNumber (dream_number_ID, dream_id, dream_number) VALUES (624, 221, '27');
INSERT INTO T_DreamNumber (dream_number_ID, dream_id, dream_number) VALUES (625, 221, '18');
INSERT INTO T_DreamNumber (dream_number_ID, dream_id, dream_number) VALUES (626, 221, '78');
INSERT INTO T_DreamNumber (dream_number_ID, dream_id, dream_number) VALUES (627, 222, '04');
INSERT INTO T_DreamNumber (dream_number_ID, dream_id, dream_number) VALUES (628, 222, '44');
INSERT INTO T_DreamNumber (dream_number_ID, dream_id, dream_number) VALUES (629, 223, '28');
INSERT INTO T_DreamNumber (dream_number_ID, dream_id, dream_number) VALUES (630, 223, '59');
INSERT INTO T_DreamNumber (dream_number_ID, dream_id, dream_number) VALUES (631, 224, '12');
INSERT INTO T_DreamNumber (dream_number_ID, dream_id, dream_number) VALUES (632, 224, '73');
INSERT INTO T_DreamNumber (dream_number_ID, dream_id, dream_number) VALUES (633, 225, '23');
INSERT INTO T_DreamNumber (dream_number_ID, dream_id, dream_number) VALUES (634, 225, '70');
INSERT INTO T_DreamNumber (dream_number_ID, dream_id, dream_number) VALUES (635, 225, '37');
INSERT INTO T_DreamNumber (dream_number_ID, dream_id, dream_number) VALUES (636, 226, '11');
INSERT INTO T_DreamNumber (dream_number_ID, dream_id, dream_number) VALUES (637, 226, '26');
INSERT INTO T_DreamNumber (dream_number_ID, dream_id, dream_number) VALUES (638, 226, '45');
INSERT INTO T_DreamNumber (dream_number_ID, dream_id, dream_number) VALUES (639, 226, '79');
INSERT INTO T_DreamNumber (dream_number_ID, dream_id, dream_number) VALUES (640, 227, '45');
INSERT INTO T_DreamNumber (dream_number_ID, dream_id, dream_number) VALUES (641, 227, '16');
INSERT INTO T_DreamNumber (dream_number_ID, dream_id, dream_number) VALUES (642, 228, '97');
INSERT INTO T_DreamNumber (dream_number_ID, dream_id, dream_number) VALUES (643, 228, '99');
INSERT INTO T_DreamNumber (dream_number_ID, dream_id, dream_number) VALUES (644, 228, '30');
INSERT INTO T_DreamNumber (dream_number_ID, dream_id, dream_number) VALUES (645, 229, '66');
INSERT INTO T_DreamNumber (dream_number_ID, dream_id, dream_number) VALUES (646, 229, '21');
INSERT INTO T_DreamNumber (dream_number_ID, dream_id, dream_number) VALUES (647, 230, '89');
INSERT INTO T_DreamNumber (dream_number_ID, dream_id, dream_number) VALUES (648, 230, '02');
INSERT INTO T_DreamNumber (dream_number_ID, dream_id, dream_number) VALUES (649, 231, '43');
INSERT INTO T_DreamNumber (dream_number_ID, dream_id, dream_number) VALUES (650, 231, '24');
INSERT INTO T_DreamNumber (dream_number_ID, dream_id, dream_number) VALUES (651, 231, '27');
INSERT INTO T_DreamNumber (dream_number_ID, dream_id, dream_number) VALUES (652, 232, '19');
INSERT INTO T_DreamNumber (dream_number_ID, dream_id, dream_number) VALUES (653, 232, '90');
INSERT INTO T_DreamNumber (dream_number_ID, dream_id, dream_number) VALUES (654, 232, '42');
INSERT INTO T_DreamNumber (dream_number_ID, dream_id, dream_number) VALUES (655, 233, '79');
INSERT INTO T_DreamNumber (dream_number_ID, dream_id, dream_number) VALUES (656, 233, '97');
INSERT INTO T_DreamNumber (dream_number_ID, dream_id, dream_number) VALUES (657, 234, '29');
INSERT INTO T_DreamNumber (dream_number_ID, dream_id, dream_number) VALUES (658, 234, '90');
INSERT INTO T_DreamNumber (dream_number_ID, dream_id, dream_number) VALUES (659, 234, '26');
INSERT INTO T_DreamNumber (dream_number_ID, dream_id, dream_number) VALUES (660, 235, '48');
INSERT INTO T_DreamNumber (dream_number_ID, dream_id, dream_number) VALUES (661, 235, '03');
INSERT INTO T_DreamNumber (dream_number_ID, dream_id, dream_number) VALUES (662, 235, '30');
INSERT INTO T_DreamNumber (dream_number_ID, dream_id, dream_number) VALUES (663, 236, '01');
INSERT INTO T_DreamNumber (dream_number_ID, dream_id, dream_number) VALUES (664, 237, '56');
INSERT INTO T_DreamNumber (dream_number_ID, dream_id, dream_number) VALUES (665, 237, '31');
INSERT INTO T_DreamNumber (dream_number_ID, dream_id, dream_number) VALUES (666, 237, '82');
INSERT INTO T_DreamNumber (dream_number_ID, dream_id, dream_number) VALUES (667, 238, '45');
INSERT INTO T_DreamNumber (dream_number_ID, dream_id, dream_number) VALUES (668, 239, '68');
INSERT INTO T_DreamNumber (dream_number_ID, dream_id, dream_number) VALUES (669, 239, '28');
INSERT INTO T_DreamNumber (dream_number_ID, dream_id, dream_number) VALUES (670, 239, '78');
INSERT INTO T_DreamNumber (dream_number_ID, dream_id, dream_number) VALUES (671, 240, '44');
INSERT INTO T_DreamNumber (dream_number_ID, dream_id, dream_number) VALUES (672, 240, '45');
INSERT INTO T_DreamNumber (dream_number_ID, dream_id, dream_number) VALUES (673, 240, '30');
INSERT INTO T_DreamNumber (dream_number_ID, dream_id, dream_number) VALUES (674, 241, '50');
INSERT INTO T_DreamNumber (dream_number_ID, dream_id, dream_number) VALUES (675, 241, '51');
INSERT INTO T_DreamNumber (dream_number_ID, dream_id, dream_number) VALUES (676, 242, '51');
INSERT INTO T_DreamNumber (dream_number_ID, dream_id, dream_number) VALUES (677, 242, '53');
INSERT INTO T_DreamNumber (dream_number_ID, dream_id, dream_number) VALUES (678, 242, '45');
INSERT INTO T_DreamNumber (dream_number_ID, dream_id, dream_number) VALUES (679, 243, '56');
INSERT INTO T_DreamNumber (dream_number_ID, dream_id, dream_number) VALUES (680, 243, '85');
INSERT INTO T_DreamNumber (dream_number_ID, dream_id, dream_number) VALUES (681, 244, '64');
INSERT INTO T_DreamNumber (dream_number_ID, dream_id, dream_number) VALUES (682, 244, '13');
INSERT INTO T_DreamNumber (dream_number_ID, dream_id, dream_number) VALUES (683, 245, '19');
INSERT INTO T_DreamNumber (dream_number_ID, dream_id, dream_number) VALUES (684, 245, '33');
INSERT INTO T_DreamNumber (dream_number_ID, dream_id, dream_number) VALUES (685, 246, '07');
INSERT INTO T_DreamNumber (dream_number_ID, dream_id, dream_number) VALUES (686, 246, '09');
INSERT INTO T_DreamNumber (dream_number_ID, dream_id, dream_number) VALUES (687, 246, '23');
INSERT INTO T_DreamNumber (dream_number_ID, dream_id, dream_number) VALUES (688, 247, '02');
INSERT INTO T_DreamNumber (dream_number_ID, dream_id, dream_number) VALUES (689, 247, '51');
INSERT INTO T_DreamNumber (dream_number_ID, dream_id, dream_number) VALUES (690, 247, '21');
INSERT INTO T_DreamNumber (dream_number_ID, dream_id, dream_number) VALUES (691, 247, '75');
INSERT INTO T_DreamNumber (dream_number_ID, dream_id, dream_number) VALUES (692, 248, '25');
INSERT INTO T_DreamNumber (dream_number_ID, dream_id, dream_number) VALUES (693, 248, '96');
INSERT INTO T_DreamNumber (dream_number_ID, dream_id, dream_number) VALUES (694, 248, '21');
INSERT INTO T_DreamNumber (dream_number_ID, dream_id, dream_number) VALUES (695, 249, '27');
INSERT INTO T_DreamNumber (dream_number_ID, dream_id, dream_number) VALUES (696, 249, '56');
INSERT INTO T_DreamNumber (dream_number_ID, dream_id, dream_number) VALUES (697, 249, '21');
INSERT INTO T_DreamNumber (dream_number_ID, dream_id, dream_number) VALUES (698, 250, '32');
INSERT INTO T_DreamNumber (dream_number_ID, dream_id, dream_number) VALUES (699, 250, '35');
INSERT INTO T_DreamNumber (dream_number_ID, dream_id, dream_number) VALUES (700, 251, '13');
INSERT INTO T_DreamNumber (dream_number_ID, dream_id, dream_number) VALUES (701, 252, '89');
INSERT INTO T_DreamNumber (dream_number_ID, dream_id, dream_number) VALUES (702, 252, '97');
INSERT INTO T_DreamNumber (dream_number_ID, dream_id, dream_number) VALUES (703, 254, '33');
INSERT INTO T_DreamNumber (dream_number_ID, dream_id, dream_number) VALUES (704, 254, '78');
INSERT INTO T_DreamNumber (dream_number_ID, dream_id, dream_number) VALUES (705, 255, '09');
INSERT INTO T_DreamNumber (dream_number_ID, dream_id, dream_number) VALUES (706, 255, '52');
INSERT INTO T_DreamNumber (dream_number_ID, dream_id, dream_number) VALUES (707, 256, '45');
INSERT INTO T_DreamNumber (dream_number_ID, dream_id, dream_number) VALUES (708, 256, '61');
INSERT INTO T_DreamNumber (dream_number_ID, dream_id, dream_number) VALUES (709, 256, '05');
INSERT INTO T_DreamNumber (dream_number_ID, dream_id, dream_number) VALUES (710, 257, '08');
INSERT INTO T_DreamNumber (dream_number_ID, dream_id, dream_number) VALUES (711, 257, '97');
INSERT INTO T_DreamNumber (dream_number_ID, dream_id, dream_number) VALUES (712, 257, '22');
INSERT INTO T_DreamNumber (dream_number_ID, dream_id, dream_number) VALUES (713, 258, '76');
INSERT INTO T_DreamNumber (dream_number_ID, dream_id, dream_number) VALUES (714, 258, '34');
INSERT INTO T_DreamNumber (dream_number_ID, dream_id, dream_number) VALUES (715, 258, '15');
INSERT INTO T_DreamNumber (dream_number_ID, dream_id, dream_number) VALUES (716, 258, '92');
INSERT INTO T_DreamNumber (dream_number_ID, dream_id, dream_number) VALUES (717, 259, '09');
INSERT INTO T_DreamNumber (dream_number_ID, dream_id, dream_number) VALUES (718, 259, '16');
INSERT INTO T_DreamNumber (dream_number_ID, dream_id, dream_number) VALUES (719, 259, '18');
INSERT INTO T_DreamNumber (dream_number_ID, dream_id, dream_number) VALUES (720, 260, '82');
INSERT INTO T_DreamNumber (dream_number_ID, dream_id, dream_number) VALUES (721, 260, '90');
INSERT INTO T_DreamNumber (dream_number_ID, dream_id, dream_number) VALUES (722, 261, '25');
INSERT INTO T_DreamNumber (dream_number_ID, dream_id, dream_number) VALUES (723, 261, '75');
INSERT INTO T_DreamNumber (dream_number_ID, dream_id, dream_number) VALUES (724, 261, '51');
INSERT INTO T_DreamNumber (dream_number_ID, dream_id, dream_number) VALUES (725, 262, '61');
INSERT INTO T_DreamNumber (dream_number_ID, dream_id, dream_number) VALUES (726, 262, '25');
INSERT INTO T_DreamNumber (dream_number_ID, dream_id, dream_number) VALUES (727, 262, '33');
INSERT INTO T_DreamNumber (dream_number_ID, dream_id, dream_number) VALUES (728, 263, '88');
INSERT INTO T_DreamNumber (dream_number_ID, dream_id, dream_number) VALUES (729, 263, '11');
INSERT INTO T_DreamNumber (dream_number_ID, dream_id, dream_number) VALUES (730, 263, '28');
INSERT INTO T_DreamNumber (dream_number_ID, dream_id, dream_number) VALUES (731, 264, '38');
INSERT INTO T_DreamNumber (dream_number_ID, dream_id, dream_number) VALUES (732, 264, '45');
INSERT INTO T_DreamNumber (dream_number_ID, dream_id, dream_number) VALUES (733, 264, '58');
INSERT INTO T_DreamNumber (dream_number_ID, dream_id, dream_number) VALUES (734, 265, '15');
INSERT INTO T_DreamNumber (dream_number_ID, dream_id, dream_number) VALUES (735, 265, '29');
INSERT INTO T_DreamNumber (dream_number_ID, dream_id, dream_number) VALUES (736, 265, '05');
INSERT INTO T_DreamNumber (dream_number_ID, dream_id, dream_number) VALUES (737, 265, '89');
INSERT INTO T_DreamNumber (dream_number_ID, dream_id, dream_number) VALUES (738, 266, '61');
INSERT INTO T_DreamNumber (dream_number_ID, dream_id, dream_number) VALUES (739, 266, '06');
INSERT INTO T_DreamNumber (dream_number_ID, dream_id, dream_number) VALUES (740, 266, '43');
INSERT INTO T_DreamNumber (dream_number_ID, dream_id, dream_number) VALUES (741, 267, '19');
INSERT INTO T_DreamNumber (dream_number_ID, dream_id, dream_number) VALUES (742, 267, '55');
INSERT INTO T_DreamNumber (dream_number_ID, dream_id, dream_number) VALUES (743, 267, '66');
INSERT INTO T_DreamNumber (dream_number_ID, dream_id, dream_number) VALUES (744, 268, '06');
INSERT INTO T_DreamNumber (dream_number_ID, dream_id, dream_number) VALUES (745, 269, '38');
INSERT INTO T_DreamNumber (dream_number_ID, dream_id, dream_number) VALUES (746, 269, '51');
INSERT INTO T_DreamNumber (dream_number_ID, dream_id, dream_number) VALUES (747, 269, '56');
INSERT INTO T_DreamNumber (dream_number_ID, dream_id, dream_number) VALUES (748, 270, '21');
INSERT INTO T_DreamNumber (dream_number_ID, dream_id, dream_number) VALUES (749, 270, '32');
INSERT INTO T_DreamNumber (dream_number_ID, dream_id, dream_number) VALUES (750, 270, '43');
INSERT INTO T_DreamNumber (dream_number_ID, dream_id, dream_number) VALUES (751, 270, '51');
INSERT INTO T_DreamNumber (dream_number_ID, dream_id, dream_number) VALUES (752, 271, '17');
INSERT INTO T_DreamNumber (dream_number_ID, dream_id, dream_number) VALUES (753, 271, '60');
INSERT INTO T_DreamNumber (dream_number_ID, dream_id, dream_number) VALUES (754, 272, '37');
INSERT INTO T_DreamNumber (dream_number_ID, dream_id, dream_number) VALUES (755, 272, '04');
INSERT INTO T_DreamNumber (dream_number_ID, dream_id, dream_number) VALUES (756, 273, '17');
INSERT INTO T_DreamNumber (dream_number_ID, dream_id, dream_number) VALUES (757, 273, '60');
INSERT INTO T_DreamNumber (dream_number_ID, dream_id, dream_number) VALUES (758, 274, '17');
INSERT INTO T_DreamNumber (dream_number_ID, dream_id, dream_number) VALUES (759, 275, '26');
INSERT INTO T_DreamNumber (dream_number_ID, dream_id, dream_number) VALUES (760, 275, '11');
INSERT INTO T_DreamNumber (dream_number_ID, dream_id, dream_number) VALUES (761, 276, '65');
INSERT INTO T_DreamNumber (dream_number_ID, dream_id, dream_number) VALUES (762, 277, '80');
INSERT INTO T_DreamNumber (dream_number_ID, dream_id, dream_number) VALUES (763, 277, '02');
INSERT INTO T_DreamNumber (dream_number_ID, dream_id, dream_number) VALUES (764, 278, '74');
INSERT INTO T_DreamNumber (dream_number_ID, dream_id, dream_number) VALUES (765, 278, '45');
INSERT INTO T_DreamNumber (dream_number_ID, dream_id, dream_number) VALUES (766, 279, '67');
INSERT INTO T_DreamNumber (dream_number_ID, dream_id, dream_number) VALUES (767, 279, '08');
INSERT INTO T_DreamNumber (dream_number_ID, dream_id, dream_number) VALUES (768, 280, '73');
INSERT INTO T_DreamNumber (dream_number_ID, dream_id, dream_number) VALUES (769, 280, '12');
INSERT INTO T_DreamNumber (dream_number_ID, dream_id, dream_number) VALUES (770, 280, '70');
INSERT INTO T_DreamNumber (dream_number_ID, dream_id, dream_number) VALUES (771, 281, '54');
INSERT INTO T_DreamNumber (dream_number_ID, dream_id, dream_number) VALUES (772, 281, '25');
INSERT INTO T_DreamNumber (dream_number_ID, dream_id, dream_number) VALUES (773, 281, '78');
INSERT INTO T_DreamNumber (dream_number_ID, dream_id, dream_number) VALUES (774, 282, '35');
INSERT INTO T_DreamNumber (dream_number_ID, dream_id, dream_number) VALUES (775, 282, '37');
INSERT INTO T_DreamNumber (dream_number_ID, dream_id, dream_number) VALUES (776, 283, '32');
INSERT INTO T_DreamNumber (dream_number_ID, dream_id, dream_number) VALUES (777, 284, '07');
INSERT INTO T_DreamNumber (dream_number_ID, dream_id, dream_number) VALUES (778, 284, '09');
INSERT INTO T_DreamNumber (dream_number_ID, dream_id, dream_number) VALUES (779, 285, '22');
INSERT INTO T_DreamNumber (dream_number_ID, dream_id, dream_number) VALUES (780, 285, '05');
INSERT INTO T_DreamNumber (dream_number_ID, dream_id, dream_number) VALUES (781, 285, '34');
INSERT INTO T_DreamNumber (dream_number_ID, dream_id, dream_number) VALUES (782, 286, '70');
INSERT INTO T_DreamNumber (dream_number_ID, dream_id, dream_number) VALUES (783, 287, '63');
INSERT INTO T_DreamNumber (dream_number_ID, dream_id, dream_number) VALUES (784, 288, '19');
INSERT INTO T_DreamNumber (dream_number_ID, dream_id, dream_number) VALUES (785, 288, '27');
INSERT INTO T_DreamNumber (dream_number_ID, dream_id, dream_number) VALUES (786, 289, '75');
INSERT INTO T_DreamNumber (dream_number_ID, dream_id, dream_number) VALUES (787, 289, '86');
INSERT INTO T_DreamNumber (dream_number_ID, dream_id, dream_number) VALUES (788, 289, '32');
INSERT INTO T_DreamNumber (dream_number_ID, dream_id, dream_number) VALUES (789, 290, '59');
INSERT INTO T_DreamNumber (dream_number_ID, dream_id, dream_number) VALUES (790, 290, '47');
INSERT INTO T_DreamNumber (dream_number_ID, dream_id, dream_number) VALUES (791, 290, '07');
INSERT INTO T_DreamNumber (dream_number_ID, dream_id, dream_number) VALUES (792, 291, '44');
INSERT INTO T_DreamNumber (dream_number_ID, dream_id, dream_number) VALUES (793, 291, '61');
INSERT INTO T_DreamNumber (dream_number_ID, dream_id, dream_number) VALUES (794, 291, '92');
INSERT INTO T_DreamNumber (dream_number_ID, dream_id, dream_number) VALUES (795, 291, '08');
INSERT INTO T_DreamNumber (dream_number_ID, dream_id, dream_number) VALUES (796, 291, '21');

DROP TABLE IF EXISTS T_Horoscope;
CREATE TABLE T_Horoscope (
	horoscope varchar(50) NOT NULL,
	Debut_le varchar(20),
	Fini_le varchar(20),
	PRIMARY KEY (horoscope)
);

INSERT INTO T_Horoscope (horoscope, Debut_le, Fini_le) VALUES ('Balance', '24 septembre', '23 octobre');
INSERT INTO T_Horoscope (horoscope, Debut_le, Fini_le) VALUES ('Belier', '22 mars', '20 avril');
INSERT INTO T_Horoscope (horoscope, Debut_le, Fini_le) VALUES ('Cancer', '23 juin', '23 juillet');
INSERT INTO T_Horoscope (horoscope, Debut_le, Fini_le) VALUES ('Capricorne', '22 decembre', '20 janvier');
INSERT INTO T_Horoscope (horoscope, Debut_le, Fini_le) VALUES ('Gemaux', '22 mai', '21 juin');
INSERT INTO T_Horoscope (horoscope, Debut_le, Fini_le) VALUES ('Lion', '24 juillet', '23 aout');
INSERT INTO T_Horoscope (horoscope, Debut_le, Fini_le) VALUES ('Poisson', '20 fevrier', '21 mars');
INSERT INTO T_Horoscope (horoscope, Debut_le, Fini_le) VALUES ('Sagitaire', '23 novembre', '21 decembre');
INSERT INTO T_Horoscope (horoscope, Debut_le, Fini_le) VALUES ('Scorpion', '24 octobre', '22 novembre');
INSERT INTO T_Horoscope (horoscope, Debut_le, Fini_le) VALUES ('Taureau', '21 avril', '21 mai');
INSERT INTO T_Horoscope (horoscope, Debut_le, Fini_le) VALUES ('Verseau', '21 janvier', '19 fevrier');
INSERT INTO T_Horoscope (horoscope, Debut_le, Fini_le) VALUES ('Vierge', '24 aout', '23 septembre');

--ALTER TABLE T_DreamNumber ADD CONSTRAINT fgn_key_T_DreamsT_DreamNumber FOREIGN KEY (dream_id) REFERENCES T_Dreams (dream_ID) ON UPDATE ON DELETE;


--SET FOREIGN_KEY_CHECKS = 1;
